municipio_id,provincia_id,id_departamento,municipio,provincia,departamento ,error
SCR016,AR-T,1648,Tafi del Valle,Tucuman,Tafi del Valle,El formato del id de municipio no coincide con la provincia
COR019,AR-T,1648,Tafi del Valle,Tucuman,Tafi del Valle,El formato del id de municipio no coincide con la provincia
CBA380,AR-Z,1607,Jaramillo,Santa Cruz,Deseado,El formato del id de municipio no coincide con la provincia
MZA003,AR-Z,1607,Jaramillo,Santa Cruz,Deseado,El formato del id de municipio no coincide con la provincia
SFE182,AR-W,1425,Garruchos,Corrientes,Santo Tome,El formato del id de municipio no coincide con la provincia
BUE043,AR-X,1382,Vicuna Mackenna,Cordoba,Rio Cuarto,El formato del id de municipio no coincide con la provincia
CBA277,AR-M,1517,Guaymallen,Mendoza,Guaymallen,El formato del id de municipio no coincide con la provincia
BUE089,AR-M,1517,Guaymallen,Mendoza,Guaymallen,El formato del id de municipio no coincide con la provincia
ERI037,AR-S,1685,Las Avispas,Santa Fe,San Cristobal,El formato del id de municipio no coincide con la provincia
MIS028,AR-B,1237,General Alvear,Buenos Aires,General Alvear,El formato del id de municipio no coincide con la provincia
CHU008,AR-X,1388,Pampayasta Sud,Cordoba,Tercero Arriba,El formato del id de municipio no coincide con la provincia
CHA024,AR-B,1284,Nueve de Julio,Buenos Aires,Nueve de Julio,El formato del id de municipio no coincide con la provincia
LAP075,AR-B,1284,Nueve de Julio,Buenos Aires,Nueve de Julio,El formato del id de municipio no coincide con la provincia
RNO028,AR-B,1284,Nueve de Julio,Buenos Aires,Nueve de Julio,El formato del id de municipio no coincide con la provincia
LAP029,AR-B,1284,Nueve de Julio,Buenos Aires,Nueve de Julio,El formato del id de municipio no coincide con la provincia
SJU017,AR-B,1284,Nueve de Julio,Buenos Aires,Nueve de Julio,El formato del id de municipio no coincide con la provincia
MIS069,AR-B,1284,Nueve de Julio,Buenos Aires,Nueve de Julio,El formato del id de municipio no coincide con la provincia
CHA059,AR-B,1284,Nueve de Julio,Buenos Aires,Nueve de Julio,El formato del id de municipio no coincide con la provincia
CBA171,AR-E,1435,Nogoya,Entre Rios,Nogoya,El formato del id de municipio no coincide con la provincia
SFE033,AR-E,1435,Nogoya,Entre Rios,Nogoya,El formato del id de municipio no coincide con la provincia
TUC082,AR-E,1435,Nogoya,Entre Rios,Nogoya,El formato del id de municipio no coincide con la provincia
BUE056,AR-E,1435,Nogoya,Entre Rios,Nogoya,El formato del id de municipio no coincide con la provincia
CBA415,AR-N,1536,Dos de Mayo,Misiones,Cainguas,El formato del id de municipio no coincide con la provincia
CBA100,AR-U,1368,Colan Conhue,Chubut,Languineo,El formato del id de municipio no coincide con la provincia
ERI160,AR-H,1359,General Pinedo,Chaco,Doce de Octubre,El formato del id de municipio no coincide con la provincia
MIS052,AR-H,1359,General Pinedo,Chaco,Doce de Octubre,El formato del id de municipio no coincide con la provincia
CHU028,AR-L,1494,Veinticinco de Mayo,La Pampa,Puelen,El formato del id de municipio no coincide con la provincia
JUJ001,AR-L,1494,Veinticinco de Mayo,La Pampa,Puelen,El formato del id de municipio no coincide con la provincia
MZA010,AR-L,1494,Veinticinco de Mayo,La Pampa,Puelen,El formato del id de municipio no coincide con la provincia
MIS002,AR-R,1576,Norquinco,Rio Negro,Norquinco,El formato del id de municipio no coincide con la provincia
SAL014,AR-L,1477,General Pico,La Pampa,Maraco,El formato del id de municipio no coincide con la provincia
LRJ017,AR-J,1595,Valle Fertil,San Juan,Valle Fertil,El formato del id de municipio no coincide con la provincia
BUE031,AR-J,1595,Valle Fertil,San Juan,Valle Fertil,El formato del id de municipio no coincide con la provincia
CAT003,AR-N,1546,San Vicente,Misiones,Guarani,El formato del id de municipio no coincide con la provincia
TUC013,AR-N,1546,San Vicente,Misiones,Guarani,El formato del id de municipio no coincide con la provincia
SAL052,AR-H,1721,Quitilipi,Chaco,Quitilipi,El formato del id de municipio no coincide con la provincia
CHU043,AR-H,1721,Quitilipi,Chaco,Quitilipi,El formato del id de municipio no coincide con la provincia
BUE064,AR-H,1721,Quitilipi,Chaco,Quitilipi,El formato del id de municipio no coincide con la provincia
CBA307,AR-B,1202,Azul,Buenos Aires,Azul,El formato del id de municipio no coincide con la provincia
BUE014,AR-X,1396,La Falda,Cordoba,Punilla,El formato del id de municipio no coincide con la provincia
ERI005,AR-X,1396,La Falda,Cordoba,Punilla,El formato del id de municipio no coincide con la provincia
SJU015,AR-S,1691,Bigand,Santa Fe,Caseros,El formato del id de municipio no coincide con la provincia
ERI022,AR-S,1691,Bigand,Santa Fe,Caseros,El formato del id de municipio no coincide con la provincia
BUE066,AR-S,1691,Bigand,Santa Fe,Caseros,El formato del id de municipio no coincide con la provincia
CHA043,AR-T,1654,San Felipe y Santa Barbara,Tucuman,Lules,El formato del id de municipio no coincide con la provincia
TDF003,AR-B,1250,General Viamonte,Buenos Aires,General Viamonte,El formato del id de municipio no coincide con la provincia
JUJ030,AR-B,1250,General Viamonte,Buenos Aires,General Viamonte,El formato del id de municipio no coincide con la provincia
MZA013,AR-B,1250,General Viamonte,Buenos Aires,General Viamonte,El formato del id de municipio no coincide con la provincia
JUJ020,AR-B,1250,General Viamonte,Buenos Aires,General Viamonte,El formato del id de municipio no coincide con la provincia
RNO037,AR-B,1250,General Viamonte,Buenos Aires,General Viamonte,El formato del id de municipio no coincide con la provincia
SAL057,AR-B,1250,General Viamonte,Buenos Aires,General Viamonte,El formato del id de municipio no coincide con la provincia
MIS059,AR-X,1391,Villa Quillinzo,Cordoba,Calamuchita,El formato del id de municipio no coincide con la provincia
ERI056,AR-X,1406,Cordoba,Cordoba,Capital,El formato del id de municipio no coincide con la provincia
SFE271,AR-X,1406,Cordoba,Cordoba,Capital,El formato del id de municipio no coincide con la provincia
NEU043,AR-X,1406,Cordoba,Cordoba,Capital,El formato del id de municipio no coincide con la provincia
SAL006,AR-X,1406,Cordoba,Cordoba,Capital,El formato del id de municipio no coincide con la provincia
CAB000,AR-E,1433,Pueblo General Belgrano,Entre Rios,Gualeguaychu,El formato del id de municipio no coincide con la provincia
SFE362,AR-E,1433,Pueblo General Belgrano,Entre Rios,Gualeguaychu,El formato del id de municipio no coincide con la provincia
CBA107,AR-N,1541,Montecarlo,Misiones,Montecarlo,El formato del id de municipio no coincide con la provincia
TUC009,AR-N,1541,Montecarlo,Misiones,Montecarlo,El formato del id de municipio no coincide con la provincia
COR012,AR-U,1376,Lagunita Salada,Chubut,Gastre,El formato del id de municipio no coincide con la provincia
BUE131,AR-Y,1459,Abdon Castro Tolay,Jujuy,Cochinoca,El formato del id de municipio no coincide con la provincia
SFE054,AR-M,1524,Malargue,Mendoza,Malargue,El formato del id de municipio no coincide con la provincia
ERI068,AR-M,1524,Malargue,Mendoza,Malargue,El formato del id de municipio no coincide con la provincia
BUE069,AR-N,1534,Almafuerte,Misiones,Leandro N. Alem,El formato del id de municipio no coincide con la provincia
SGO057,AR-A,1667,El Carril,Salta,Chicoana,El formato del id de municipio no coincide con la provincia
RNO035,AR-F,1513,Sanagasta,La Rioja,Sanagasta,El formato del id de municipio no coincide con la provincia
NEU025,AR-B,1225,Coronel Pringles,Buenos Aires,Coronel Pringles,El formato del id de municipio no coincide con la provincia
SFE242,AR-B,1225,Coronel Pringles,Buenos Aires,Coronel Pringles,El formato del id de municipio no coincide con la provincia
CAT004,AR-B,1225,Coronel Pringles,Buenos Aires,Coronel Pringles,El formato del id de municipio no coincide con la provincia
RNO017,AR-B,1225,Coronel Pringles,Buenos Aires,Coronel Pringles,El formato del id de municipio no coincide con la provincia
SGO105,AR-B,1225,Coronel Pringles,Buenos Aires,Coronel Pringles,El formato del id de municipio no coincide con la provincia
BUE016,AR-K,1330,Andalgala,Catamarca,Andalgala,El formato del id de municipio no coincide con la provincia
COR062,AR-K,1330,Andalgala,Catamarca,Andalgala,El formato del id de municipio no coincide con la provincia
BUE088,AR-T,1644,Bella Vista,Tucuman,Leales,El formato del id de municipio no coincide con la provincia
SFE188,AR-A,1680,Santa Victoria Este,Salta,Rivadavia,El formato del id de municipio no coincide con la provincia
NEU020,AR-U,1371,Trevelin,Chubut,Futaleufu,El formato del id de municipio no coincide con la provincia
JUJ029,AR-B,1258,La Costa,Buenos Aires,La Costa,El formato del id de municipio no coincide con la provincia
SGO108,AR-B,1258,La Costa,Buenos Aires,La Costa,El formato del id de municipio no coincide con la provincia
RNO064,AR-B,1258,La Costa,Buenos Aires,La Costa,El formato del id de municipio no coincide con la provincia
CHA002,AR-B,1258,La Costa,Buenos Aires,La Costa,El formato del id de municipio no coincide con la provincia
SFE301,AR-B,1258,La Costa,Buenos Aires,La Costa,El formato del id de municipio no coincide con la provincia
CAT032,AR-B,1258,La Costa,Buenos Aires,La Costa,El formato del id de municipio no coincide con la provincia
BUE133,AR-X,1398,Rio Segundo,Cordoba,Rio Segundo,El formato del id de municipio no coincide con la provincia
JUJ047,AR-B,1296,Quilmes,Buenos Aires,Quilmes,El formato del id de municipio no coincide con la provincia
SLU005,AR-B,1296,Quilmes,Buenos Aires,Quilmes,El formato del id de municipio no coincide con la provincia
LAP060,AR-B,1296,Quilmes,Buenos Aires,Quilmes,El formato del id de municipio no coincide con la provincia
JUJ038,AR-B,1296,Quilmes,Buenos Aires,Quilmes,El formato del id de municipio no coincide con la provincia
SJU008,AR-B,1296,Quilmes,Buenos Aires,Quilmes,El formato del id de municipio no coincide con la provincia
CHA007,AR-B,1296,Quilmes,Buenos Aires,Quilmes,El formato del id de municipio no coincide con la provincia
JUJ051,AR-B,1296,Quilmes,Buenos Aires,Quilmes,El formato del id de municipio no coincide con la provincia
CBA106,AR-B,1296,Quilmes,Buenos Aires,Quilmes,El formato del id de municipio no coincide con la provincia
TUC107,AR-B,1208,Berisso,Buenos Aires,Berisso,El formato del id de municipio no coincide con la provincia
SCR019,AR-B,1208,Berisso,Buenos Aires,Berisso,El formato del id de municipio no coincide con la provincia
COR033,AR-E,1436,Basavilbaso,Entre Rios,Uruguay,El formato del id de municipio no coincide con la provincia
BUE063,AR-E,1436,Basavilbaso,Entre Rios,Uruguay,El formato del id de municipio no coincide con la provincia
SFE224,AR-E,1436,Basavilbaso,Entre Rios,Uruguay,El formato del id de municipio no coincide con la provincia
BUE046,AR-E,1436,Basavilbaso,Entre Rios,Uruguay,El formato del id de municipio no coincide con la provincia
BUE125,AR-X,1386,Leones,Cordoba,Marcos Juarez,El formato del id de municipio no coincide con la provincia
BUE093,AR-X,1386,Leones,Cordoba,Marcos Juarez,El formato del id de municipio no coincide con la provincia
MIS032,AR-J,1593,Sarmiento,San Juan,Sarmiento,El formato del id de municipio no coincide con la provincia
CHU021,AR-E,1434,General Ramirez,Entre Rios,Diamante,El formato del id de municipio no coincide con la provincia
LRJ006,AR-B,1260,La Plata,Buenos Aires,La Plata,El formato del id de municipio no coincide con la provincia
LAP067,AR-B,1260,La Plata,Buenos Aires,La Plata,El formato del id de municipio no coincide con la provincia
SLU057,AR-B,1260,La Plata,Buenos Aires,La Plata,El formato del id de municipio no coincide con la provincia
NEU007,AR-B,1260,La Plata,Buenos Aires,La Plata,El formato del id de municipio no coincide con la provincia
SAL034,AR-B,1260,La Plata,Buenos Aires,La Plata,El formato del id de municipio no coincide con la provincia
CHU010,AR-B,1260,La Plata,Buenos Aires,La Plata,El formato del id de municipio no coincide con la provincia
SFE049,AR-H,1364,Machagai,Chaco,Veinticinco de Mayo,El formato del id de municipio no coincide con la provincia
COR069,AR-V,1642,Ushuaia,Tierra del Fuego,Ushuaia,El formato del id de municipio no coincide con la provincia
BUE113,AR-V,1642,Ushuaia,Tierra del Fuego,Ushuaia,El formato del id de municipio no coincide con la provincia
TUC109,AR-V,1642,Ushuaia,Tierra del Fuego,Ushuaia,El formato del id de municipio no coincide con la provincia
CHA017,AR-V,1642,Ushuaia,Tierra del Fuego,Ushuaia,El formato del id de municipio no coincide con la provincia
JUJ002,AR-V,1642,Ushuaia,Tierra del Fuego,Ushuaia,El formato del id de municipio no coincide con la provincia
MIS068,AR-V,1642,Ushuaia,Tierra del Fuego,Ushuaia,El formato del id de municipio no coincide con la provincia
JUJ011,AR-V,1642,Ushuaia,Tierra del Fuego,Ushuaia,El formato del id de municipio no coincide con la provincia
LAP065,AR-V,1642,Ushuaia,Tierra del Fuego,Ushuaia,El formato del id de municipio no coincide con la provincia
SAL046,AR-V,1642,Ushuaia,Tierra del Fuego,Ushuaia,El formato del id de municipio no coincide con la provincia
MIS016,AR-Y,1470,Mina Pirquitas,Jujuy,Rinconada,El formato del id de municipio no coincide con la provincia
CAT016,AR-Y,1470,Mina Pirquitas,Jujuy,Rinconada,El formato del id de municipio no coincide con la provincia
TUC034,AR-M,1527,San Carlos,Mendoza,San Carlos,El formato del id de municipio no coincide con la provincia
SAL059,AR-M,1527,San Carlos,Mendoza,San Carlos,El formato del id de municipio no coincide con la provincia
COR007,AR-M,1527,San Carlos,Mendoza,San Carlos,El formato del id de municipio no coincide con la provincia
SFE126,AR-M,1527,San Carlos,Mendoza,San Carlos,El formato del id de municipio no coincide con la provincia
BUE032,AR-M,1527,San Carlos,Mendoza,San Carlos,El formato del id de municipio no coincide con la provincia
CBA222,AR-M,1527,San Carlos,Mendoza,San Carlos,El formato del id de municipio no coincide con la provincia
ERI032,AR-M,1527,San Carlos,Mendoza,San Carlos,El formato del id de municipio no coincide con la provincia
BUE073,AR-Y,1468,El Talar,Jujuy,Santa Barbara,El formato del id de municipio no coincide con la provincia
CHA068,AR-R,1573,Viedma,Rio Negro,Adolfo Alsina,El formato del id de municipio no coincide con la provincia
SLU019,AR-R,1573,Viedma,Rio Negro,Adolfo Alsina,El formato del id de municipio no coincide con la provincia
SCR010,AR-R,1573,Viedma,Rio Negro,Adolfo Alsina,El formato del id de municipio no coincide con la provincia
ERI035,AR-R,1573,Viedma,Rio Negro,Adolfo Alsina,El formato del id de municipio no coincide con la provincia
MZA018,AR-R,1573,Viedma,Rio Negro,Adolfo Alsina,El formato del id de municipio no coincide con la provincia
SFE360,AR-R,1573,Viedma,Rio Negro,Adolfo Alsina,El formato del id de municipio no coincide con la provincia
NEU057,AR-R,1573,Viedma,Rio Negro,Adolfo Alsina,El formato del id de municipio no coincide con la provincia
SGO066,AR-N,1544,Puerto Iguazu,Misiones,Iguazu,El formato del id de municipio no coincide con la provincia
CBA157,AR-N,1544,Puerto Iguazu,Misiones,Iguazu,El formato del id de municipio no coincide con la provincia
COR027,AR-N,1544,Puerto Iguazu,Misiones,Iguazu,El formato del id de municipio no coincide con la provincia
SFE108,AR-N,1544,Puerto Iguazu,Misiones,Iguazu,El formato del id de municipio no coincide con la provincia
FOR031,AR-N,1544,Puerto Iguazu,Misiones,Iguazu,El formato del id de municipio no coincide con la provincia
RNO043,AR-N,1544,Puerto Iguazu,Misiones,Iguazu,El formato del id de municipio no coincide con la provincia
SFE257,AR-N,1544,Puerto Iguazu,Misiones,Iguazu,El formato del id de municipio no coincide con la provincia
CAT018,AR-E,1439,Viale,Entre Rios,Parana,El formato del id de municipio no coincide con la provincia
BUE045,AR-E,1439,Viale,Entre Rios,Parana,El formato del id de municipio no coincide con la provincia
SJU014,AR-S,1700,San Agustin,Santa Fe,Las Colonias,El formato del id de municipio no coincide con la provincia
CHU031,AR-Q,1552,Villa del Nahueve,Neuquen,Minas,El formato del id de municipio no coincide con la provincia
COR068,AR-A,1664,Cafayate,Salta,Cafayate,El formato del id de municipio no coincide con la provincia
SFE203,AR-A,1664,Cafayate,Salta,Cafayate,El formato del id de municipio no coincide con la provincia
NEU026,AR-A,1664,Cafayate,Salta,Cafayate,El formato del id de municipio no coincide con la provincia
BUE111,AR-C,,Ciudad Autonoma de Buenos Aires,Ciudad Autonoma de Buenos Aires,,El formato del id de municipio no coincide con la provincia
SJU003,AR-C,,Ciudad Autonoma de Buenos Aires,Ciudad Autonoma de Buenos Aires,,El formato del id de municipio no coincide con la provincia
RNO069,AR-C,,Ciudad Autonoma de Buenos Aires,Ciudad Autonoma de Buenos Aires,,El formato del id de municipio no coincide con la provincia
NEU031,AR-C,,Ciudad Autonoma de Buenos Aires,Ciudad Autonoma de Buenos Aires,,El formato del id de municipio no coincide con la provincia
SFE335,AR-C,,Ciudad Autonoma de Buenos Aires,Ciudad Autonoma de Buenos Aires,,El formato del id de municipio no coincide con la provincia
CBA052,AR-C,,Ciudad Autonoma de Buenos Aires,Ciudad Autonoma de Buenos Aires,,El formato del id de municipio no coincide con la provincia
CBA357,AR-C,,Ciudad Autonoma de Buenos Aires,Ciudad Autonoma de Buenos Aires,,El formato del id de municipio no coincide con la provincia
SFE175,AR-C,,Ciudad Autonoma de Buenos Aires,Ciudad Autonoma de Buenos Aires,,El formato del id de municipio no coincide con la provincia
BUE036,AR-C,,Ciudad Autonoma de Buenos Aires,Ciudad Autonoma de Buenos Aires,,El formato del id de municipio no coincide con la provincia
CBA233,AR-C,,Ciudad Autonoma de Buenos Aires,Ciudad Autonoma de Buenos Aires,,El formato del id de municipio no coincide con la provincia
BUE076,AR-C,,Ciudad Autonoma de Buenos Aires,Ciudad Autonoma de Buenos Aires,,El formato del id de municipio no coincide con la provincia
MIS013,AR-C,,Ciudad Autonoma de Buenos Aires,Ciudad Autonoma de Buenos Aires,,El formato del id de municipio no coincide con la provincia
CHU004,AR-C,,Ciudad Autonoma de Buenos Aires,Ciudad Autonoma de Buenos Aires,,El formato del id de municipio no coincide con la provincia
MZA016,AR-C,,Ciudad Autonoma de Buenos Aires,Ciudad Autonoma de Buenos Aires,,El formato del id de municipio no coincide con la provincia
JUJ042,AR-C,,Ciudad Autonoma de Buenos Aires,Ciudad Autonoma de Buenos Aires,,El formato del id de municipio no coincide con la provincia
BUE126,AR-C,,Ciudad Autonoma de Buenos Aires,Ciudad Autonoma de Buenos Aires,,El formato del id de municipio no coincide con la provincia
SJU016,AR-S,1690,Colonia Dolores,Santa Fe,San Justo,El formato del id de municipio no coincide con la provincia
MIS063,AR-X,1386,Cruz Alta,Cordoba,Marcos Juarez,El formato del id de municipio no coincide con la provincia
TUC112,AR-X,1386,Cruz Alta,Cordoba,Marcos Juarez,El formato del id de municipio no coincide con la provincia
COR048,AR-X,1386,Cruz Alta,Cordoba,Marcos Juarez,El formato del id de municipio no coincide con la provincia
BUE083,AR-T,1649,Anca Juli,Tucuman,Tafi Viejo,El formato del id de municipio no coincide con la provincia
SFE227,AR-T,1649,Anca Juli,Tucuman,Tafi Viejo,El formato del id de municipio no coincide con la provincia
TUC036,AR-W,1419,Corrientes,Corrientes,Capital,El formato del id de municipio no coincide con la provincia
CBA404,AR-W,1419,Corrientes,Corrientes,Capital,El formato del id de municipio no coincide con la provincia
ERI064,AR-W,1419,Corrientes,Corrientes,Capital,El formato del id de municipio no coincide con la provincia
MIS047,AR-W,1419,Corrientes,Corrientes,Capital,El formato del id de municipio no coincide con la provincia
CHU022,AR-W,1419,Corrientes,Corrientes,Capital,El formato del id de municipio no coincide con la provincia
MIS057,AR-W,1419,Corrientes,Corrientes,Capital,El formato del id de municipio no coincide con la provincia
LRJ013,AR-W,1419,Corrientes,Corrientes,Capital,El formato del id de municipio no coincide con la provincia
LRJ012,AR-W,1419,Corrientes,Corrientes,Capital,El formato del id de municipio no coincide con la provincia
BUE130,AR-W,1419,Corrientes,Corrientes,Capital,El formato del id de municipio no coincide con la provincia
TUC012,AR-W,1419,Corrientes,Corrientes,Capital,El formato del id de municipio no coincide con la provincia
SAL044,AR-B,1326,Vicente Lopez,Buenos Aires,Vicente Lopez,El formato del id de municipio no coincide con la provincia
CHU025,AR-B,1326,Vicente Lopez,Buenos Aires,Vicente Lopez,El formato del id de municipio no coincide con la provincia
CBA296,AR-B,1326,Vicente Lopez,Buenos Aires,Vicente Lopez,El formato del id de municipio no coincide con la provincia
SFE094,AR-B,1326,Vicente Lopez,Buenos Aires,Vicente Lopez,El formato del id de municipio no coincide con la provincia
CBA207,AR-B,1326,Vicente Lopez,Buenos Aires,Vicente Lopez,El formato del id de municipio no coincide con la provincia
CHA028,AR-B,1326,Vicente Lopez,Buenos Aires,Vicente Lopez,El formato del id de municipio no coincide con la provincia
JUJ024,AR-B,1326,Vicente Lopez,Buenos Aires,Vicente Lopez,El formato del id de municipio no coincide con la provincia
JUJ013,AR-B,1326,Vicente Lopez,Buenos Aires,Vicente Lopez,El formato del id de municipio no coincide con la provincia
CBA381,AR-B,1326,Vicente Lopez,Buenos Aires,Vicente Lopez,El formato del id de municipio no coincide con la provincia
COR026,AR-B,1326,Vicente Lopez,Buenos Aires,Vicente Lopez,El formato del id de municipio no coincide con la provincia
CBA014,AR-B,1326,Vicente Lopez,Buenos Aires,Vicente Lopez,El formato del id de municipio no coincide con la provincia
TUC055,AR-B,1326,Vicente Lopez,Buenos Aires,Vicente Lopez,El formato del id de municipio no coincide con la provincia
SCR014,AR-B,1326,Vicente Lopez,Buenos Aires,Vicente Lopez,El formato del id de municipio no coincide con la provincia
COR011,AR-B,1326,Vicente Lopez,Buenos Aires,Vicente Lopez,El formato del id de municipio no coincide con la provincia
SAL005,AR-B,1326,Vicente Lopez,Buenos Aires,Vicente Lopez,El formato del id de municipio no coincide con la provincia
SFE348,AR-B,1326,Vicente Lopez,Buenos Aires,Vicente Lopez,El formato del id de municipio no coincide con la provincia
TUC007,AR-B,1326,Vicente Lopez,Buenos Aires,Vicente Lopez,El formato del id de municipio no coincide con la provincia
ERI058,AR-S,1684,Carmen del Sauce,Santa Fe,Rosario,El formato del id de municipio no coincide con la provincia
SGO035,AR-E,1436,Pronunciamiento,Entre Rios,Uruguay,El formato del id de municipio no coincide con la provincia
RNO032,AR-B,1263,Las Flores,Buenos Aires,Las Flores,El formato del id de municipio no coincide con la provincia
SAL031,AR-B,1263,Las Flores,Buenos Aires,Las Flores,El formato del id de municipio no coincide con la provincia
TUC004,AR-B,1263,Las Flores,Buenos Aires,Las Flores,El formato del id de municipio no coincide con la provincia
CBA158,AR-R,1578,Sierra Grande,Rio Negro,San Antonio,El formato del id de municipio no coincide con la provincia
COR049,AR-R,1578,Sierra Grande,Rio Negro,San Antonio,El formato del id de municipio no coincide con la provincia
SFE143,AR-Q,1556,Neuquen,Neuquen,Confluencia,El formato del id de municipio no coincide con la provincia
LRJ014,AR-Q,1556,Neuquen,Neuquen,Confluencia,El formato del id de municipio no coincide con la provincia
RNO057,AR-Q,1556,Neuquen,Neuquen,Confluencia,El formato del id de municipio no coincide con la provincia
SFE290,AR-Q,1556,Neuquen,Neuquen,Confluencia,El formato del id de municipio no coincide con la provincia
SLU003,AR-Q,1556,Neuquen,Neuquen,Confluencia,El formato del id de municipio no coincide con la provincia
CHU047,AR-Q,1556,Neuquen,Neuquen,Confluencia,El formato del id de municipio no coincide con la provincia
ERI020,AR-Q,1556,Neuquen,Neuquen,Confluencia,El formato del id de municipio no coincide con la provincia
MZA017,AR-Q,1556,Neuquen,Neuquen,Confluencia,El formato del id de municipio no coincide con la provincia
SFE245,AR-Q,1556,Neuquen,Neuquen,Confluencia,El formato del id de municipio no coincide con la provincia
SCR006,AR-Q,1556,Neuquen,Neuquen,Confluencia,El formato del id de municipio no coincide con la provincia
SJU007,AR-Q,1556,Neuquen,Neuquen,Confluencia,El formato del id de municipio no coincide con la provincia
CBA397,AR-Q,1556,Neuquen,Neuquen,Confluencia,El formato del id de municipio no coincide con la provincia
SGO900,AR-B,1261,Lanus,Buenos Aires,Lanus,El formato del id de municipio no coincide con la provincia
CBA091,AR-B,1261,Lanus,Buenos Aires,Lanus,El formato del id de municipio no coincide con la provincia
SCR018,AR-B,1261,Lanus,Buenos Aires,Lanus,El formato del id de municipio no coincide con la provincia
COR025,AR-B,1261,Lanus,Buenos Aires,Lanus,El formato del id de municipio no coincide con la provincia
SFE199,AR-B,1261,Lanus,Buenos Aires,Lanus,El formato del id de municipio no coincide con la provincia
CBA301,AR-B,1261,Lanus,Buenos Aires,Lanus,El formato del id de municipio no coincide con la provincia
COR002,AR-B,1261,Lanus,Buenos Aires,Lanus,El formato del id de municipio no coincide con la provincia
MIS030,AR-B,1261,Lanus,Buenos Aires,Lanus,El formato del id de municipio no coincide con la provincia
CHU011,AR-B,1261,Lanus,Buenos Aires,Lanus,El formato del id de municipio no coincide con la provincia
LAP034,AR-B,1261,Lanus,Buenos Aires,Lanus,El formato del id de municipio no coincide con la provincia
SJU019,AR-S,1701,Pozo Borrado,Santa Fe,Nueve de Julio,El formato del id de municipio no coincide con la provincia
MZA015,AR-K,1332,Antofagasta de la Sierra,Catamarca,Antofagasta de la Sierra,El formato del id de municipio no coincide con la provincia
CHA063,AR-K,1332,Antofagasta de la Sierra,Catamarca,Antofagasta de la Sierra,El formato del id de municipio no coincide con la provincia
CAT005,AR-R,1569,General Fernandez Oro,Rio Negro,General Roca,El formato del id de municipio no coincide con la provincia
SFE038,AR-R,1569,General Fernandez Oro,Rio Negro,General Roca,El formato del id de municipio no coincide con la provincia
COR064,AR-G,1627,Dona Luisa,Santiago del Estero,Guasayan,El formato del id de municipio no coincide con la provincia
TUC088,AR-B,1210,Bragado,Buenos Aires,Bragado,El formato del id de municipio no coincide con la provincia
CBA419,AR-B,1210,Bragado,Buenos Aires,Bragado,El formato del id de municipio no coincide con la provincia
MIS064,AR-B,1210,Bragado,Buenos Aires,Bragado,El formato del id de municipio no coincide con la provincia
JUJ004,AR-B,1210,Bragado,Buenos Aires,Bragado,El formato del id de municipio no coincide con la provincia
CBA317,AR-W,1411,Tapebicua,Corrientes,Paso de los Libres,El formato del id de municipio no coincide con la provincia
SAL022,AR-B,1283,Necochea,Buenos Aires,Necochea,El formato del id de municipio no coincide con la provincia
MIS012,AR-B,1283,Necochea,Buenos Aires,Necochea,El formato del id de municipio no coincide con la provincia
CAT009,AR-S,1692,Las Rosas,Santa Fe,Belgrano,El formato del id de municipio no coincide con la provincia
TUC030,AR-Q,1552,Las Ovejas,Neuquen,Minas,El formato del id de municipio no coincide con la provincia
SAL054,AR-Y,1469,Maimara,Jujuy,Tilcara,El formato del id de municipio no coincide con la provincia
COR006,AR-G,1630,El Colorado,Santiago del Estero,Juan Felipe Ibarra,El formato del id de municipio no coincide con la provincia
SFE115,AR-R,1577,Pichi Mahuida,Rio Negro,Pichi Mahuida,El formato del id de municipio no coincide con la provincia
CBA221,AR-H,1347,Barranqueras,Chaco,San Fernando,El formato del id de municipio no coincide con la provincia
ERI024,AR-H,1347,Barranqueras,Chaco,San Fernando,El formato del id de municipio no coincide con la provincia
JUJ037,AR-S,1683,Sancti Spiritu,Santa Fe,General Lopez,El formato del id de municipio no coincide con la provincia
JUJ023,AR-K,1337,Tinogasta,Catamarca,Tinogasta,El formato del id de municipio no coincide con la provincia
SFE284,AR-K,1337,Tinogasta,Catamarca,Tinogasta,El formato del id de municipio no coincide con la provincia
NEU045,AR-K,1337,Tinogasta,Catamarca,Tinogasta,El formato del id de municipio no coincide con la provincia
SGO034,AR-B,1328,Villarino,Buenos Aires,Villarino,El formato del id de municipio no coincide con la provincia
CBA140,AR-B,1328,Villarino,Buenos Aires,Villarino,El formato del id de municipio no coincide con la provincia
COR016,AR-Y,1474,San Salvador de Jujuy,Jujuy,Doctor Manuel Belgrano,El formato del id de municipio no coincide con la provincia
SFE073,AR-Y,1474,San Salvador de Jujuy,Jujuy,Doctor Manuel Belgrano,El formato del id de municipio no coincide con la provincia
FOR004,AR-D,1599,Bagual,San Luis,Gobernador Dupuy,El formato del id de municipio no coincide con la provincia
SGO064,AR-L,1476,Realico,La Pampa,Realico,El formato del id de municipio no coincide con la provincia
RNO041,AR-Y,1460,Puesto Viejo,Jujuy,El Carmen,El formato del id de municipio no coincide con la provincia
SFE243,AR-J,1586,Nueve de Julio,San Juan,Nueve de Julio,El formato del id de municipio no coincide con la provincia
SGO116,AR-J,1586,Nueve de Julio,San Juan,Nueve de Julio,El formato del id de municipio no coincide con la provincia
CBA193,AR-H,1350,Charata,Chaco,Chacabuco,El formato del id de municipio no coincide con la provincia
CHU029,AR-Y,1465,Susques,Jujuy,Susques,El formato del id de municipio no coincide con la provincia
COR067,AR-X,1398,Costa Sacate,Cordoba,Rio Segundo,El formato del id de municipio no coincide con la provincia
SFE202,AR-T,1650,Villa Chicligasta,Tucuman,Simoca,El formato del id de municipio no coincide con la provincia
NEU022,AR-Z,1607,Canadon Seco,Santa Cruz,Deseado,El formato del id de municipio no coincide con la provincia
SGO119,AR-W,1428,Loreto,Corrientes,San Miguel,El formato del id de municipio no coincide con la provincia
RNO065,AR-B,1257,Junin,Buenos Aires,Junin,El formato del id de municipio no coincide con la provincia
SFE318,AR-B,1257,Junin,Buenos Aires,Junin,El formato del id de municipio no coincide con la provincia
SAL018,AR-B,1257,Junin,Buenos Aires,Junin,El formato del id de municipio no coincide con la provincia
SLU007,AR-S,1692,Montes de Oca,Santa Fe,Belgrano,El formato del id de municipio no coincide con la provincia
ERI036,AR-B,1240,General Guido,Buenos Aires,General Guido,El formato del id de municipio no coincide con la provincia
CHU002,AR-B,1240,General Guido,Buenos Aires,General Guido,El formato del id de municipio no coincide con la provincia
JUJ040,AR-B,1320,Tornquist,Buenos Aires,Tornquist,El formato del id de municipio no coincide con la provincia
CHA041,AR-N,1544,Esperanza,Misiones,Iguazu,El formato del id de municipio no coincide con la provincia
CBA154,AR-N,1544,Esperanza,Misiones,Iguazu,El formato del id de municipio no coincide con la provincia
SCR020,AR-U,1375,Gan Gan,Chubut,Telsen,El formato del id de municipio no coincide con la provincia
COR035,AR-F,1502,Famatina,La Rioja,Famatina,El formato del id de municipio no coincide con la provincia
SFE225,AR-F,1502,Famatina,La Rioja,Famatina,El formato del id de municipio no coincide con la provincia
BUE048,AR-L,1483,Sarah,La Pampa,Chapaleufu,El formato del id de municipio no coincide con la provincia
CBA366,AR-B,1297,Ramallo,Buenos Aires,Ramallo,El formato del id de municipio no coincide con la provincia
ERI051,AR-D,1599,Union,San Luis,Gobernador Dupuy,El formato del id de municipio no coincide con la provincia
LRJ002,AR-Q,1555,Caviahue-Copahue,Neuquen,Norquin,El formato del id de municipio no coincide con la provincia
BUE104,AR-Q,1555,Caviahue-Copahue,Neuquen,Norquin,El formato del id de municipio no coincide con la provincia
TDF002,AR-A,1669,La Vina,Salta,La Vina,El formato del id de municipio no coincide con la provincia
SAL038,AR-U,1371,Corcovado,Chubut,Futaleufu,El formato del id de municipio no coincide con la provincia
CHU018,AR-S,1687,Capitan Bermudez,Santa Fe,San Lorenzo,El formato del id de municipio no coincide con la provincia
CBA264,AR-W,1431,Pago de los Deseos,Corrientes,Saladas,El formato del id de municipio no coincide con la provincia
SFE056,AR-B,1308,San Cayetano,Buenos Aires,San Cayetano,El formato del id de municipio no coincide con la provincia
COR071,AR-T,1643,Villa Quinteros,Tucuman,Monteros,El formato del id de municipio no coincide con la provincia
BUE114,AR-H,1349,Cote-Lai,Chaco,Tapenaga,El formato del id de municipio no coincide con la provincia
BUE119,AR-Y,1459,Abra Pampa,Jujuy,Cochinoca,El formato del id de municipio no coincide con la provincia
BUE071,AR-Y,1459,Abra Pampa,Jujuy,Cochinoca,El formato del id de municipio no coincide con la provincia
CHA018,AR-Y,1459,Abra Pampa,Jujuy,Cochinoca,El formato del id de municipio no coincide con la provincia
MIS070,AR-Y,1459,Abra Pampa,Jujuy,Cochinoca,El formato del id de municipio no coincide con la provincia
CAT019,AR-N,1549,San Pedro,Misiones,San Pedro,El formato del id de municipio no coincide con la provincia
TUC037,AR-Y,1465,Catua,Jujuy,Susques,El formato del id de municipio no coincide con la provincia
SCR007,AR-L,1480,Santa Rosa,La Pampa,Capital,El formato del id de municipio no coincide con la provincia
BUE065,AR-L,1480,Santa Rosa,La Pampa,Capital,El formato del id de municipio no coincide con la provincia
MZA008,AR-A,1672,Rosario de la Frontera,Salta,Rosario de la Frontera,El formato del id de municipio no coincide con la provincia
SFE144,AR-N,1534,Cerro Azul,Misiones,Leandro N. Alem,El formato del id de municipio no coincide con la provincia
CBA231,AR-K,1333,Londres,Catamarca,Belen,El formato del id de municipio no coincide con la provincia
SFE336,AR-T,1651,El Puestito,Tucuman,Burruyacu,El formato del id de municipio no coincide con la provincia
CBA066,AR-T,1651,El Puestito,Tucuman,Burruyacu,El formato del id de municipio no coincide con la provincia
SFE005,AR-A,1682,Tolar Grande,Salta,Los Andes,El formato del id de municipio no coincide con la provincia
ERI046,AR-A,1682,Tolar Grande,Salta,Los Andes,El formato del id de municipio no coincide con la provincia
SGO004,AR-W,1415,Colonia Carlos Pellegrini,Corrientes,San Martin,El formato del id de municipio no coincide con la provincia
RNO009,AR-W,1415,Colonia Carlos Pellegrini,Corrientes,San Martin,El formato del id de municipio no coincide con la provincia
SAL020,AR-W,1415,Colonia Carlos Pellegrini,Corrientes,San Martin,El formato del id de municipio no coincide con la provincia
BUE008,AR-S,1687,Fray Luis Beltran,Santa Fe,San Lorenzo,El formato del id de municipio no coincide con la provincia
SGO069,AR-B,1226,Coronel Suarez,Buenos Aires,Coronel Suarez,El formato del id de municipio no coincide con la provincia
SJU011,AR-X,1396,Los Cocos,Cordoba,Punilla,El formato del id de municipio no coincide con la provincia
COR037,AR-X,1396,Los Cocos,Cordoba,Punilla,El formato del id de municipio no coincide con la provincia
SFE129,AR-E,1433,Larroque,Entre Rios,Gualeguaychu,El formato del id de municipio no coincide con la provincia
FOR033,AR-B,1268,Lobos,Buenos Aires,Lobos,El formato del id de municipio no coincide con la provincia
RNO045,AR-B,1268,Lobos,Buenos Aires,Lobos,El formato del id de municipio no coincide con la provincia
TUC086,AR-B,1268,Lobos,Buenos Aires,Lobos,El formato del id de municipio no coincide con la provincia
SFE275,AR-B,1268,Lobos,Buenos Aires,Lobos,El formato del id de municipio no coincide con la provincia
CAT025,AR-H,1358,Villa Rio Bermejito,Chaco,General Guemes,El formato del id de municipio no coincide con la provincia
SCR011,AR-D,1599,Fortuna,San Luis,Gobernador Dupuy,El formato del id de municipio no coincide con la provincia
ERI004,AR-D,1599,Fortuna,San Luis,Gobernador Dupuy,El formato del id de municipio no coincide con la provincia
NEU027,AR-Z,1612,Puerto San Julian,Santa Cruz,Magallanes,El formato del id de municipio no coincide con la provincia
SFE264,AR-Z,1612,Puerto San Julian,Santa Cruz,Magallanes,El formato del id de municipio no coincide con la provincia
SJU004,AR-E,1446,Macia,Entre Rios,Tala,El formato del id de municipio no coincide con la provincia
RNO070,AR-E,1446,Macia,Entre Rios,Tala,El formato del id de municipio no coincide con la provincia
SJU010,AR-E,1446,Macia,Entre Rios,Tala,El formato del id de municipio no coincide con la provincia
COR018,AR-E,1446,Macia,Entre Rios,Tala,El formato del id de municipio no coincide con la provincia
BUE080,AR-M,1532,Tupungato,Mendoza,Tupungato,El formato del id de municipio no coincide con la provincia
CBA364,AR-S,1684,Zavalla,Santa Fe,Rosario,El formato del id de municipio no coincide con la provincia
SFE178,AR-Q,1558,Ramon Castro,Neuquen,Zapala,El formato del id de municipio no coincide con la provincia
BUE041,AR-A,1670,El Galpon,Salta,Metan,El formato del id de municipio no coincide con la provincia
CBA234,AR-G,1625,Real Sayana,Santiago del Estero,Avellaneda,El formato del id de municipio no coincide con la provincia
MIS023,AR-X,1388,James Craik,Cordoba,Tercero Arriba,El formato del id de municipio no coincide con la provincia
CHU006,AR-W,1417,Ituzaingo,Corrientes,Ituzaingo,El formato del id de municipio no coincide con la provincia
RNO021,AR-S,1694,Emilia,Santa Fe,La Capital,El formato del id de municipio no coincide con la provincia
COR056,AR-P,1453,San Martin Dos,Formosa,Patino,El formato del id de municipio no coincide con la provincia
BUE096,AR-R,1566,Arroyo de la Ventana,Rio Negro,Valcheta,El formato del id de municipio no coincide con la provincia
TUC071,AR-S,1689,Ramona,Santa Fe,Castellanos,El formato del id de municipio no coincide con la provincia
CBA405,AR-K,1342,Paclin,Catamarca,Paclin,El formato del id de municipio no coincide con la provincia
LRJ015,AR-B,1239,General Belgrano,Buenos Aires,General Belgrano,El formato del id de municipio no coincide con la provincia
LRJ016,AR-B,1239,General Belgrano,Buenos Aires,General Belgrano,El formato del id de municipio no coincide con la provincia
CHU032,AR-B,1239,General Belgrano,Buenos Aires,General Belgrano,El formato del id de municipio no coincide con la provincia
CBA306,AR-J,1592,Santa Lucia,San Juan,Santa Lucia,El formato del id de municipio no coincide con la provincia
SFE100,AR-J,1592,Santa Lucia,San Juan,Santa Lucia,El formato del id de municipio no coincide con la provincia
SAL041,AR-J,1592,Santa Lucia,San Juan,Santa Lucia,El formato del id de municipio no coincide con la provincia
ERI021,AR-U,1379,Paso de Indios,Chubut,Paso de Indios,El formato del id de municipio no coincide con la provincia
CHA039,AR-W,1414,Colonia Pando,Corrientes,San Roque,El formato del id de municipio no coincide con la provincia
JUJ017,AR-S,1687,Luis Palacios,Santa Fe,San Lorenzo,El formato del id de municipio no coincide con la provincia
SAL049,AR-S,1687,Luis Palacios,Santa Fe,San Lorenzo,El formato del id de municipio no coincide con la provincia
CBA260,AR-Q,1554,Octavio Pico,Neuquen,Pehuenches,El formato del id de municipio no coincide con la provincia
CBA051,AR-B,1306,San Andres de Giles,Buenos Aires,San Andres de Giles,El formato del id de municipio no coincide con la provincia
SFE266,AR-J,1581,Calingasta,San Juan,Calingasta,El formato del id de municipio no coincide con la provincia
SFE351,AR-J,1581,Calingasta,San Juan,Calingasta,El formato del id de municipio no coincide con la provincia
SFE028,AR-R,1576,Rio Chico,Rio Negro,Norquinco,El formato del id de municipio no coincide con la provincia
ERI061,AR-Q,1556,Plottier,Neuquen,Confluencia,El formato del id de municipio no coincide con la provincia
SGO040,AR-S,1692,Tortugas,Santa Fe,Belgrano,El formato del id de municipio no coincide con la provincia
SAL033,AR-X,1391,Villa Canada del Sauce,Cordoba,Calamuchita,El formato del id de municipio no coincide con la provincia
SGO102,AR-X,1393,Silvio Pellico,Cordoba,General San Martin,El formato del id de municipio no coincide con la provincia
CBA168,AR-S,1695,La Sarita,Santa Fe,General Obligado,El formato del id de municipio no coincide con la provincia
COR059,AR-B,1230,Escobar,Buenos Aires,Escobar,El formato del id de municipio no coincide con la provincia
NEU017,AR-B,1230,Escobar,Buenos Aires,Escobar,El formato del id de municipio no coincide con la provincia
SFE180,AR-B,1230,Escobar,Buenos Aires,Escobar,El formato del id de municipio no coincide con la provincia
SGO085,AR-X,1402,Los Talares,Cordoba,Pocho,El formato del id de municipio no coincide con la provincia
RNO058,AR-X,1402,Los Talares,Cordoba,Pocho,El formato del id de municipio no coincide con la provincia
SFE295,AR-B,1271,Magdalena,Buenos Aires,Magdalena,El formato del id de municipio no coincide con la provincia
ERI013,AR-B,1271,Magdalena,Buenos Aires,Magdalena,El formato del id de municipio no coincide con la provincia
SFE260,AR-B,1271,Magdalena,Buenos Aires,Magdalena,El formato del id de municipio no coincide con la provincia
JUJ032,AR-N,1538,Candelaria,Misiones,Candelaria,El formato del id de municipio no coincide con la provincia
CHA001,AR-U,1369,Buen Pasto,Chubut,Sarmiento,El formato del id de municipio no coincide con la provincia
CBA095,AR-M,1530,Santa Rosa,Mendoza,Santa Rosa,El formato del id de municipio no coincide con la provincia
TUC106,AR-M,1530,Santa Rosa,Mendoza,Santa Rosa,El formato del id de municipio no coincide con la provincia
COR030,AR-M,1530,Santa Rosa,Mendoza,Santa Rosa,El formato del id de municipio no coincide con la provincia
SFE217,AR-Y,1461,Rodeito,Jujuy,San Pedro,El formato del id de municipio no coincide con la provincia
CBA329,AR-Y,1461,Rodeito,Jujuy,San Pedro,El formato del id de municipio no coincide con la provincia
MZA012,AR-B,1321,Trenque Lauquen,Buenos Aires,Trenque Lauquen,El formato del id de municipio no coincide con la provincia
ERI041,AR-J,1594,Ullum,San Juan,Ullum,El formato del id de municipio no coincide con la provincia
CHU015,AR-J,1594,Ullum,San Juan,Ullum,El formato del id de municipio no coincide con la provincia
LRJ001,AR-N,1540,Ruiz de Montoya,Misiones,Libertador General San Martin,El formato del id de municipio no coincide con la provincia
BUE097,AR-T,1652,Yerba Buena,Tucuman,Yerba Buena,El formato del id de municipio no coincide con la provincia
SLU044,AR-T,1652,Yerba Buena,Tucuman,Yerba Buena,El formato del id de municipio no coincide con la provincia
NEU005,AR-T,1652,Yerba Buena,Tucuman,Yerba Buena,El formato del id de municipio no coincide con la provincia
CHU005,AR-W,1419,Riachuelo,Corrientes,Capital,El formato del id de municipio no coincide con la provincia
BUE042,AR-W,1419,Riachuelo,Corrientes,Capital,El formato del id de municipio no coincide con la provincia
SFE040,AR-B,1278,Monte,Buenos Aires,Monte,El formato del id de municipio no coincide con la provincia
COR065,AR-B,1278,Monte,Buenos Aires,Monte,El formato del id de municipio no coincide con la provincia
MZA011,AR-B,1278,Monte,Buenos Aires,Monte,El formato del id de municipio no coincide con la provincia
TUC097,AR-S,1694,Nelson,Santa Fe,La Capital,El formato del id de municipio no coincide con la provincia
CHA015,AR-S,1694,Nelson,Santa Fe,La Capital,El formato del id de municipio no coincide con la provincia
CBA246,AR-S,1694,Nelson,Santa Fe,La Capital,El formato del id de municipio no coincide con la provincia
JUJ010,AR-T,1651,El Timbo,Tucuman,Burruyacu,El formato del id de municipio no coincide con la provincia
SAL040,AR-X,1391,Villa General Belgrano,Cordoba,Calamuchita,El formato del id de municipio no coincide con la provincia
MIS015,AR-E,1438,Villa Paranacito,Entre Rios,Islas del Ibicuy,El formato del id de municipio no coincide con la provincia
CAT012,AR-N,1544,Puerto Libertad,Misiones,Iguazu,El formato del id de municipio no coincide con la provincia
SFE116,AR-U,1376,Gastre,Chubut,Gastre,El formato del id de municipio no coincide con la provincia
BUE025,AR-U,1376,Gastre,Chubut,Gastre,El formato del id de municipio no coincide con la provincia
CHA054,AR-U,1376,Gastre,Chubut,Gastre,El formato del id de municipio no coincide con la provincia
LAP007,AR-U,1376,Gastre,Chubut,Gastre,El formato del id de municipio no coincide con la provincia
MZA001,AR-N,1547,Posadas,Misiones,Capital,El formato del id de municipio no coincide con la provincia
SFE325,AR-N,1547,Posadas,Misiones,Capital,El formato del id de municipio no coincide con la provincia
NEU053,AR-N,1547,Posadas,Misiones,Capital,El formato del id de municipio no coincide con la provincia
SAL010,AR-N,1547,Posadas,Misiones,Capital,El formato del id de municipio no coincide con la provincia
CBA155,AR-N,1547,Posadas,Misiones,Capital,El formato del id de municipio no coincide con la provincia
CBA308,AR-F,1509,Independencia,La Rioja,Independencia,El formato del id de municipio no coincide con la provincia
TUC015,AR-F,1508,General San Martin,La Rioja,General San Martin,El formato del id de municipio no coincide con la provincia
COR020,AR-B,1325,Veinticinco de Mayo,Buenos Aires,Veinticinco de Mayo,El formato del id de municipio no coincide con la provincia
SFE101,AR-T,1646,Banda del Rio Sali,Tucuman,Cruz Alta,El formato del id de municipio no coincide con la provincia
FOR019,AR-T,1646,Banda del Rio Sali,Tucuman,Cruz Alta,El formato del id de municipio no coincide con la provincia
SGO068,AR-A,1680,Rivadavia Banda Norte,Salta,Rivadavia,El formato del id de municipio no coincide con la provincia
RNO042,AR-A,1680,Rivadavia Banda Norte,Salta,Rivadavia,El formato del id de municipio no coincide con la provincia
SFE255,AR-U,1377,Jose de San Martin,Chubut,Tehuelches,El formato del id de municipio no coincide con la provincia
CAT017,AR-X,1395,Quilino,Cordoba,Ischilin,El formato del id de municipio no coincide con la provincia
SJU006,AR-S,1696,Correa,Santa Fe,Iriondo,El formato del id de municipio no coincide con la provincia
CHU030,AR-B,1205,Baradero,Buenos Aires,Baradero,El formato del id de municipio no coincide con la provincia
CHU009,AR-B,1205,Baradero,Buenos Aires,Baradero,El formato del id de municipio no coincide con la provincia
NEU023,AR-X,1400,Las Penas,Cordoba,Totoral,El formato del id de municipio no coincide con la provincia
CAT015,AR-B,1294,Puan,Buenos Aires,Puan,El formato del id de municipio no coincide con la provincia
RNO068,AR-B,1294,Puan,Buenos Aires,Puan,El formato del id de municipio no coincide con la provincia
SFE326,AR-B,1267,Loberia,Buenos Aires,Loberia,El formato del id de municipio no coincide con la provincia
TDF001,AR-B,1267,Loberia,Buenos Aires,Loberia,El formato del id de municipio no coincide con la provincia
SLU011,AR-B,1267,Loberia,Buenos Aires,Loberia,El formato del id de municipio no coincide con la provincia
LAP070,AR-H,1360,Isla del Cerrito,Chaco,Bermejo,El formato del id de municipio no coincide con la provincia
MIS060,AR-Y,1467,Humahuaca,Jujuy,Humahuaca,El formato del id de municipio no coincide con la provincia
CHA049,AR-Y,1465,Coranzuli,Jujuy,Susques,El formato del id de municipio no coincide con la provincia
CBA160,AR-Y,1465,Coranzuli,Jujuy,Susques,El formato del id de municipio no coincide con la provincia
SFE015,AR-Y,1465,Coranzuli,Jujuy,Susques,El formato del id de municipio no coincide con la provincia
BUE115,AR-X,1383,Villa Allende,Cordoba,Colon,El formato del id de municipio no coincide con la provincia
ERI054,AR-X,1383,Villa Allende,Cordoba,Colon,El formato del id de municipio no coincide con la provincia
MIS042,AR-X,1383,Villa Allende,Cordoba,Colon,El formato del id de municipio no coincide con la provincia
LRJ009,AR-X,1383,Villa Allende,Cordoba,Colon,El formato del id de municipio no coincide con la provincia
LRJ011,AR-X,1383,Villa Allende,Cordoba,Colon,El formato del id de municipio no coincide con la provincia
TUC006,AR-W,1427,Itati,Corrientes,Itati,El formato del id de municipio no coincide con la provincia
SAL043,AR-X,1387,Altos de Chipion,Cordoba,San Justo,El formato del id de municipio no coincide con la provincia
CHU024,AR-T,1649,Las Talitas,Tucuman,Tafi Viejo,El formato del id de municipio no coincide con la provincia
BUE049,AR-Z,1613,Veintiocho de Noviembre,Santa Cruz,Guer Aike,El formato del id de municipio no coincide con la provincia
CBA290,AR-W,1418,Concepcion,Corrientes,Concepcion,El formato del id de municipio no coincide con la provincia
SFE067,AR-B,1262,Laprida,Buenos Aires,Laprida,El formato del id de municipio no coincide con la provincia
CBA206,AR-A,1663,Cachi,Salta,Cachi,El formato del id de municipio no coincide con la provincia
CHA026,AR-S,1696,Villa Eloisa,Santa Fe,Iriondo,El formato del id de municipio no coincide con la provincia
SAL047,AR-B,1313,San Pedro,Buenos Aires,San Pedro,El formato del id de municipio no coincide con la provincia
MIS053,AR-B,1313,San Pedro,Buenos Aires,San Pedro,El formato del id de municipio no coincide con la provincia
FOR001,AR-T,1648,Amaicha del Valle,Tucuman,Tafi del Valle,El formato del id de municipio no coincide con la provincia
CAT028,AR-T,1648,Amaicha del Valle,Tucuman,Tafi del Valle,El formato del id de municipio no coincide con la provincia
TUC041,AR-E,1449,Villa Clara,Entre Rios,Villaguay,El formato del id de municipio no coincide con la provincia
COR010,AR-G,1625,Herrera,Santiago del Estero,Avellaneda,El formato del id de municipio no coincide con la provincia
CBA318,AR-R,1578,San Antonio Oeste,Rio Negro,San Antonio,El formato del id de municipio no coincide con la provincia
SFE160,AR-A,1671,La Candelaria,Salta,La Candelaria,El formato del id de municipio no coincide con la provincia
COR055,AR-T,1646,Alderetes,Tucuman,Cruz Alta,El formato del id de municipio no coincide con la provincia
SFE337,AR-G,1630,Vilelas,Santiago del Estero,Juan Felipe Ibarra,El formato del id de municipio no coincide con la provincia
SLU064,AR-X,1383,Jesus Maria,Cordoba,Colon,El formato del id de municipio no coincide con la provincia
SFE011,AR-X,1383,Jesus Maria,Cordoba,Colon,El formato del id de municipio no coincide con la provincia
MIS061,AR-W,1431,Saladas,Corrientes,Saladas,El formato del id de municipio no coincide con la provincia
SGO013,AR-S,1684,Granadero Baigorria,Santa Fe,Rosario,El formato del id de municipio no coincide con la provincia
SAL028,AR-S,1684,Granadero Baigorria,Santa Fe,Rosario,El formato del id de municipio no coincide con la provincia
SGO071,AR-S,1684,Granadero Baigorria,Santa Fe,Rosario,El formato del id de municipio no coincide con la provincia
COR045,AR-Q,1552,Guanacos,Neuquen,Minas,El formato del id de municipio no coincide con la provincia
NEU012,AR-F,1510,La Rioja,La Rioja,Capital,El formato del id de municipio no coincide con la provincia
SFE305,AR-R,1576,Mamuel Choique,Rio Negro,Norquinco,El formato del id de municipio no coincide con la provincia
SGO078,AR-S,1700,San Jeronimo Norte,Santa Fe,Las Colonias,El formato del id de municipio no coincide con la provincia
RNO053,AR-D,1599,Anchorena,San Luis,Gobernador Dupuy,El formato del id de municipio no coincide con la provincia
SFE288,AR-D,1599,Anchorena,San Luis,Gobernador Dupuy,El formato del id de municipio no coincide con la provincia
CAT031,AR-U,1377,Doctor Atilio Viglione,Chubut,Tehuelches,El formato del id de municipio no coincide con la provincia
CHU046,AR-E,1445,General Galarza,Entre Rios,Gualeguay,El formato del id de municipio no coincide con la provincia
SFE206,AR-M,1531,Tunuyan,Mendoza,Tunuyan,El formato del id de municipio no coincide con la provincia
NEU028,AR-M,1531,Tunuyan,Mendoza,Tunuyan,El formato del id de municipio no coincide con la provincia
RNO071,AR-S,1700,Providencia,Santa Fe,Las Colonias,El formato del id de municipio no coincide con la provincia
BUE117,AR-Q,1553,Quili Malal,Neuquen,Picunches,El formato del id de municipio no coincide con la provincia
MZA014,AR-Z,1611,Los Antiguos,Santa Cruz,Lago Buenos Aires,El formato del id de municipio no coincide con la provincia
CBA315,AR-J,1585,Jachal,San Juan,Jachal,El formato del id de municipio no coincide con la provincia
BUE132,AR-J,1585,Jachal,San Juan,Jachal,El formato del id de municipio no coincide con la provincia
BUE082,AR-J,1585,Jachal,San Juan,Jachal,El formato del id de municipio no coincide con la provincia
NEU038,AR-X,1398,Villa del Rosario,Cordoba,Rio Segundo,El formato del id de municipio no coincide con la provincia
RNO033,AR-G,1634,Alhuampa,Santiago del Estero,Moreno,El formato del id de municipio no coincide con la provincia
BUE009,AR-X,1387,Colonia San Pedro,Cordoba,San Justo,El formato del id de municipio no coincide con la provincia
ERI016,AR-Z,1609,El Chalten,Santa Cruz,Lago Argentino,El formato del id de municipio no coincide con la provincia
MIS031,AR-Z,1609,El Chalten,Santa Cruz,Lago Argentino,El formato del id de municipio no coincide con la provincia
ERI027,AR-W,1412,Ita Ibate,Corrientes,General Paz,El formato del id de municipio no coincide con la provincia
CBA263,AR-S,1695,Los Laureles,Santa Fe,General Obligado,El formato del id de municipio no coincide con la provincia
RNO052,AR-B,1238,General Arenales,Buenos Aires,General Arenales,El formato del id de municipio no coincide con la provincia
FOR002,AR-X,1398,Rincon,Cordoba,Rio Segundo,El formato del id de municipio no coincide con la provincia
CBA185,AR-W,1409,Bella Vista,Corrientes,Bella Vista,El formato del id de municipio no coincide con la provincia
CBA376,AR-B,1285,Olavarria,Buenos Aires,Olavarria,El formato del id de municipio no coincide con la provincia
CHU037,AR-B,1285,Olavarria,Buenos Aires,Olavarria,El formato del id de municipio no coincide con la provincia
SFE020,AR-N,1546,El Soberbio,Misiones,Guarani,El formato del id de municipio no coincide con la provincia
CBA011,AR-N,1546,El Soberbio,Misiones,Guarani,El formato del id de municipio no coincide con la provincia
BUE017,AR-U,1372,Cushamen,Chubut,Cushamen,El formato del id de municipio no coincide con la provincia
CBA258,AR-L,1483,Intendente Alvear,La Pampa,Chapaleufu,El formato del id de municipio no coincide con la provincia
BUE002,AR-L,1483,Intendente Alvear,La Pampa,Chapaleufu,El formato del id de municipio no coincide con la provincia
CBA223,AR-J,1597,Zonda,San Juan,Zonda,El formato del id de municipio no coincide con la provincia
BUE015,AR-M,1529,San Rafael,Mendoza,San Rafael,El formato del id de municipio no coincide con la provincia
BUE098,AR-H,1351,Santa Sylvina,Chaco,Fray Justo Santa Maria de Oro,El formato del id de municipio no coincide con la provincia
BUE035,AR-K,1333,Belen,Catamarca,Belen,El formato del id de municipio no coincide con la provincia
CBA411,AR-K,1333,Belen,Catamarca,Belen,El formato del id de municipio no coincide con la provincia
BUE050,AR-S,1688,Cacique Ariacaiquin,Santa Fe,San Javier,El formato del id de municipio no coincide con la provincia
JUJ033,AR-W,1417,Villa Olivari,Corrientes,Ituzaingo,El formato del id de municipio no coincide con la provincia
ERI040,AR-T,1653,San Pedro de Colalao,Tucuman,Trancas,El formato del id de municipio no coincide con la provincia
SFE105,AR-X,1389,Villa San Isidro,Cordoba,Santa Maria,El formato del id de municipio no coincide con la provincia
BUE024,AR-N,1543,San Ignacio,Misiones,San Ignacio,El formato del id de municipio no coincide con la provincia
ERI025,AR-N,1543,San Ignacio,Misiones,San Ignacio,El formato del id de municipio no coincide con la provincia
ERI048,AR-Y,1460,Aguas Calientes,Jujuy,El Carmen,El formato del id de municipio no coincide con la provincia
BUE105,AR-X,1383,Salsipuedes,Cordoba,Colon,El formato del id de municipio no coincide con la provincia
LAP072,AR-N,1539,Campo Viera,Misiones,Obera,El formato del id de municipio no coincide con la provincia
BUE004,AR-K,1337,Fiambala,Catamarca,Tinogasta,El formato del id de municipio no coincide con la provincia
CBA083,AR-T,1648,El Mollar,Tucuman,Tafi del Valle,El formato del id de municipio no coincide con la provincia
CBA359,AR-A,1679,Seclantas,Salta,Molinos,El formato del id de municipio no coincide con la provincia
NEU046,AR-W,1414,Chavarria,Corrientes,San Roque,El formato del id de municipio no coincide con la provincia
FOR008,AR-S,1701,Esteban Rams,Santa Fe,Nueve de Julio,El formato del id de municipio no coincide con la provincia
BUE121,AR-X,1385,Los Cisnes,Cordoba,Juarez Celman,El formato del id de municipio no coincide con la provincia
SGO082,AR-E,1445,Gualeguay,Entre Rios,Gualeguay,El formato del id de municipio no coincide con la provincia
SGO050,AR-H,1358,Miraflores,Chaco,General Guemes,El formato del id de municipio no coincide con la provincia
COR057,AR-Y,1459,Puesto del Marques,Jujuy,Cochinoca,El formato del id de municipio no coincide con la provincia
CBA042,AR-Y,1469,Huacalera,Jujuy,Tilcara,El formato del id de municipio no coincide con la provincia
BUE086,AR-S,1693,San Genaro,Santa Fe,San Jeronimo,El formato del id de municipio no coincide con la provincia
CBA148,AR-Q,1556,Villa el Chocon,Neuquen,Confluencia,El formato del id de municipio no coincide con la provincia
CBA038,AR-G,1616,Guardia Escolta,Santiago del Estero,Belgrano,El formato del id de municipio no coincide con la provincia
ERI015,AR-X,1385,General Deheza,Cordoba,Juarez Celman,El formato del id de municipio no coincide con la provincia
ERI044,AR-W,1423,Esquina,Corrientes,Esquina,El formato del id de municipio no coincide con la provincia
MZA006,AR-S,1689,Colonia Aldao,Santa Fe,Castellanos,El formato del id de municipio no coincide con la provincia
CBA311,AR-P,1453,Comandante Fontana,Formosa,Patino,El formato del id de municipio no coincide con la provincia
MZA004,AR-G,1634,Quimili,Santiago del Estero,Moreno,El formato del id de municipio no coincide con la provincia
SAL013,AR-R,1568,Aguada Guzman,Rio Negro,El Cuy,El formato del id de municipio no coincide con la provincia
SAL048,AR-S,1689,Presidente Roca,Santa Fe,Castellanos,El formato del id de municipio no coincide con la provincia
BUE120,AR-G,1634,Las Tinajas,Santiago del Estero,Moreno,El formato del id de municipio no coincide con la provincia
BUE091,AR-X,1407,Laboulaye,Cordoba,Presidente Roque Saenz Pena,El formato del id de municipio no coincide con la provincia
CBA012,AR-U,1378,Las Plumas,Chubut,Martires,El formato del id de municipio no coincide con la provincia
,AR-W,1413,Carolina,Corrientes,Goya,El formato del id de municipio no coincide con la provincia
,AR-W,1413,Carolina,Corrientes,Goya,El formato del id de municipio no coincide con la provincia
,AR-S,1696,Lucio V. Lopez,Santa Fe,Iriondo,El formato del id de municipio no coincide con la provincia
,AR-Q,1552,Los Miches,Neuquen,Minas,El formato del id de municipio no coincide con la provincia
,AR-G,1634,Lilo Viejo - Patay,Santiago del Estero,Moreno,El formato del id de municipio no coincide con la provincia
,AR-R,1572,Prahuaniyeu,Rio Negro,Nueve de Julio,El formato del id de municipio no coincide con la provincia
,AR-S,1694,Sauce Viejo,Santa Fe,La Capital,El formato del id de municipio no coincide con la provincia
,AR-A,1662,El Quebrachal,Salta,Anta,El formato del id de municipio no coincide con la provincia
,AR-D,1599,Batavia,San Luis,Gobernador Dupuy,El formato del id de municipio no coincide con la provincia
,AR-E,1439,Maria Grande,Entre Rios,Parana,El formato del id de municipio no coincide con la provincia
,AR-U,1368,Aldea Epulef,Chubut,Languineo,El formato del id de municipio no coincide con la provincia
,AR-Y,1472,Purmamarca,Jujuy,Tumbaya,El formato del id de municipio no coincide con la provincia
,AR-B,1224,Coronel Dorrego,Buenos Aires,Coronel Dorrego,El formato del id de municipio no coincide con la provincia
,AR-H,1360,Las Palmas,Chaco,Bermejo,El formato del id de municipio no coincide con la provincia
,AR-X,1386,Inriville,Cordoba,Marcos Juarez,El formato del id de municipio no coincide con la provincia
,AR-Z,1607,Koluel Kayke,Santa Cruz,Deseado,El formato del id de municipio no coincide con la provincia
,AR-W,1429,Mburucuya,Corrientes,Mburucuya,El formato del id de municipio no coincide con la provincia
,AR-S,1683,Murphy,Santa Fe,General Lopez,El formato del id de municipio no coincide con la provincia
,AR-B,1242,General la Madrid,Buenos Aires,General La Madrid,El formato del id de municipio no coincide con la provincia
,AR-X,1393,Ticino,Cordoba,General San Martin,El formato del id de municipio no coincide con la provincia
,AR-E,1443,Sauce de Luna,Entre Rios,Federal,El formato del id de municipio no coincide con la provincia
,AR-F,1498,Castro Barros,La Rioja,Castro Barros,El formato del id de municipio no coincide con la provincia
,AR-B,1299,Rivadavia,Buenos Aires,Rivadavia,El formato del id de municipio no coincide con la provincia
,AR-V,1723,Tolhuin,Tierra del Fuego,Tolhuin,El formato del id de municipio no coincide con la provincia
,AR-A,1679,Molinos,Salta,Molinos,El formato del id de municipio no coincide con la provincia
,AR-U,1371,Esquel,Chubut,Futaleufu,El formato del id de municipio no coincide con la provincia
,AR-X,1387,Morteros,Cordoba,San Justo,El formato del id de municipio no coincide con la provincia
,AR-S,1696,Carrizales,Santa Fe,Iriondo,El formato del id de municipio no coincide con la provincia
,AR-W,1409,Tres de Abril,Corrientes,Bella Vista,El formato del id de municipio no coincide con la provincia
,AR-B,1309,San Fernando,Buenos Aires,San Fernando,El formato del id de municipio no coincide con la provincia
,AR-B,1314,San Vicente,Buenos Aires,San Vicente,El formato del id de municipio no coincide con la provincia
,AR-B,1314,San Vicente,Buenos Aires,San Vicente,El formato del id de municipio no coincide con la provincia
,AR-B,1266,Lincoln,Buenos Aires,Lincoln,El formato del id de municipio no coincide con la provincia
,AR-H,1358,El Sauzalito,Chaco,General Guemes,El formato del id de municipio no coincide con la provincia
,AR-N,1538,Santa Ana,Misiones,Candelaria,El formato del id de municipio no coincide con la provincia
,AR-K,1341,Poman,Catamarca,Poman,El formato del id de municipio no coincide con la provincia
,AR-T,1656,Escaba,Tucuman,Juan Bautista Alberdi,El formato del id de municipio no coincide con la provincia
,AR-Z,1611,Perito Moreno,Santa Cruz,Lago Buenos Aires,El formato del id de municipio no coincide con la provincia
,AR-Z,1611,Perito Moreno,Santa Cruz,Lago Buenos Aires,El formato del id de municipio no coincide con la provincia
,AR-B,1259,La Matanza,Buenos Aires,La Matanza,El formato del id de municipio no coincide con la provincia
,AR-M,1522,Lujan de Cuyo,Mendoza,Lujan de Cuyo,El formato del id de municipio no coincide con la provincia
,AR-M,1522,Lujan de Cuyo,Mendoza,Lujan de Cuyo,El formato del id de municipio no coincide con la provincia
,AR-S,1701,Gregoria Perez de denis,Santa Fe,Nueve de Julio,El formato del id de municipio no coincide con la provincia
,AR-X,1391,Los Reartes,Cordoba,Calamuchita,El formato del id de municipio no coincide con la provincia
,AR-S,1701,Tostado,Santa Fe,Nueve de Julio,El formato del id de municipio no coincide con la provincia
,AR-X,1401,Chanar Viejo,Cordoba,Rio Seco,El formato del id de municipio no coincide con la provincia
,AR-S,1686,Alcorta,Santa Fe,Constitucion,El formato del id de municipio no coincide con la provincia
,AR-E,1441,San Jose,Entre Rios,Colon,El formato del id de municipio no coincide con la provincia
,AR-G,1616,Bandera,Santiago del Estero,Belgrano,El formato del id de municipio no coincide con la provincia
,AR-R,1569,Cipolletti,Rio Negro,General Roca,El formato del id de municipio no coincide con la provincia
,AR-R,1569,Cipolletti,Rio Negro,General Roca,El formato del id de municipio no coincide con la provincia
,AR-A,1660,Embarcacion,Salta,General Jose de San Martin,El formato del id de municipio no coincide con la provincia
,AR-B,1203,Bahia Blanca,Buenos Aires,Bahia Blanca,El formato del id de municipio no coincide con la provincia
,AR-B,1203,Bahia Blanca,Buenos Aires,Bahia Blanca,El formato del id de municipio no coincide con la provincia
,AR-B,1203,Bahia Blanca,Buenos Aires,Bahia Blanca,El formato del id de municipio no coincide con la provincia
,AR-B,1203,Bahia Blanca,Buenos Aires,Bahia Blanca,El formato del id de municipio no coincide con la provincia
,AR-B,1203,Bahia Blanca,Buenos Aires,Bahia Blanca,El formato del id de municipio no coincide con la provincia
,AR-B,1203,Bahia Blanca,Buenos Aires,Bahia Blanca,El formato del id de municipio no coincide con la provincia
,AR-B,1203,Bahia Blanca,Buenos Aires,Bahia Blanca,El formato del id de municipio no coincide con la provincia
,AR-B,1203,Bahia Blanca,Buenos Aires,Bahia Blanca,El formato del id de municipio no coincide con la provincia
,AR-G,1638,Santiago del Estero,Santiago del Estero,Capital,El formato del id de municipio no coincide con la provincia
,AR-J,1589,Rivadavia,San Juan,Rivadavia,El formato del id de municipio no coincide con la provincia
,AR-W,1416,Mocoreta,Corrientes,Monte Caseros,El formato del id de municipio no coincide con la provincia
,AR-S,1684,Funes,Santa Fe,Rosario,El formato del id de municipio no coincide con la provincia
,AR-P,1453,Subteniente Perin,Formosa,Patino,El formato del id de municipio no coincide con la provincia
,AR-R,1572,Cona Niyeu,Rio Negro,Nueve de Julio,El formato del id de municipio no coincide con la provincia
,AR-T,1659,San Miguel de Tucuman,Tucuman,Capital,El formato del id de municipio no coincide con la provincia
,AR-T,1659,San Miguel de Tucuman,Tucuman,Capital,El formato del id de municipio no coincide con la provincia
,AR-T,1659,San Miguel de Tucuman,Tucuman,Capital,El formato del id de municipio no coincide con la provincia
,AR-S,1690,San Bernardo (S.J.),Santa Fe,San Justo,El formato del id de municipio no coincide con la provincia
,AR-K,1333,San Fernando,Catamarca,Belen,El formato del id de municipio no coincide con la provincia
,AR-Z,1608,Puerto Santa Cruz,Santa Cruz,Corpen Aike,El formato del id de municipio no coincide con la provincia
,AR-E,1435,Aranguren,Entre Rios,Nogoya,El formato del id de municipio no coincide con la provincia
,AR-Q,1559,Paso Aguerre,Neuquen,Picun Leufu,El formato del id de municipio no coincide con la provincia
,AR-S,1684,Rosario,Santa Fe,Rosario,El formato del id de municipio no coincide con la provincia
,AR-J,1582,Caucete,San Juan,Caucete,El formato del id de municipio no coincide con la provincia
,AR-R,1573,San Javier,Rio Negro,Adolfo Alsina,El formato del id de municipio no coincide con la provincia
,AR-J,1588,Rawson,San Juan,Rawson,El formato del id de municipio no coincide con la provincia
,AR-W,1424,Felipe Yofre,Corrientes,Mercedes,El formato del id de municipio no coincide con la provincia
,AR-B,1275,Marcos Paz,Buenos Aires,Marcos Paz,El formato del id de municipio no coincide con la provincia
,AR-X,1388,Tancacha,Cordoba,Tercero Arriba,El formato del id de municipio no coincide con la provincia
,AR-S,1694,Laguna Paiva,Santa Fe,La Capital,El formato del id de municipio no coincide con la provincia
,AR-B,1235,Florentino Ameghino,Buenos Aires,Florentino Ameghino,El formato del id de municipio no coincide con la provincia
,AR-X,1388,Los Zorros,Cordoba,Tercero Arriba,El formato del id de municipio no coincide con la provincia
,AR-N,1544,Colonia Wanda,Misiones,Iguazu,El formato del id de municipio no coincide con la provincia
,AR-U,1368,Carrenleufu,Chubut,Languineo,El formato del id de municipio no coincide con la provincia
,AR-R,1569,Ingeniero Luis A. Huergo,Rio Negro,General Roca,El formato del id de municipio no coincide con la provincia
,AR-W,1414,San Roque,Corrientes,San Roque,El formato del id de municipio no coincide con la provincia
,AR-B,1291,Pilar,Buenos Aires,Pilar,El formato del id de municipio no coincide con la provincia
,AR-B,1291,Pilar,Buenos Aires,Pilar,El formato del id de municipio no coincide con la provincia
,AR-T,1643,Monteros,Tucuman,Monteros,El formato del id de municipio no coincide con la provincia
,AR-X,1396,Villa Giardino,Cordoba,Punilla,El formato del id de municipio no coincide con la provincia
,AR-F,1511,Rosario Vera Penaloza,La Rioja,Rosario Vera Penaloza,El formato del id de municipio no coincide con la provincia
,AR-F,1512,San Blas de los Sauces,La Rioja,San Blas de los Sauces,El formato del id de municipio no coincide con la provincia
,AR-U,1368,Paso del Sapo,Chubut,Languineo,El formato del id de municipio no coincide con la provincia
,AR-X,1394,Rio Primero,Cordoba,Rio Primero,El formato del id de municipio no coincide con la provincia
,AR-S,1683,Diego de Alvear,Santa Fe,General Lopez,El formato del id de municipio no coincide con la provincia
,AR-A,1668,Pichanal,Salta,Oran,El formato del id de municipio no coincide con la provincia
,AR-E,1444,General Campos,Entre Rios,San Salvador,El formato del id de municipio no coincide con la provincia
,AR-H,1284,Las Brenas,Chaco,Nueve de Julio,El formato del id de municipio no coincide con la provincia
,AR-Y,1462,El Condor,Jujuy,Yavi,El formato del id de municipio no coincide con la provincia
,AR-A,1682,San Antonio de los Cobres,Salta,Los Andes,El formato del id de municipio no coincide con la provincia
,AR-X,1384,Monte Lena,Cordoba,Union,El formato del id de municipio no coincide con la provincia
,AR-X,1395,Canada de Rio Pinto,Cordoba,Ischilin,El formato del id de municipio no coincide con la provincia
,AR-S,1683,Rufino,Santa Fe,General Lopez,El formato del id de municipio no coincide con la provincia
,AR-S,1683,Rufino,Santa Fe,General Lopez,El formato del id de municipio no coincide con la provincia
,AR-S,1683,Rufino,Santa Fe,General Lopez,El formato del id de municipio no coincide con la provincia
,AR-S,1701,Villa Minetti,Santa Fe,Nueve de Julio,El formato del id de municipio no coincide con la provincia
,AR-S,1689,Bella Italia,Santa Fe,Castellanos,El formato del id de municipio no coincide con la provincia
,AR-E,1441,Villa Elisa,Entre Rios,Colon,El formato del id de municipio no coincide con la provincia
,AR-G,1617,La Canada,Santiago del Estero,Figueroa,El formato del id de municipio no coincide con la provincia
,AR-A,1677,La Poma,Salta,La Poma,El formato del id de municipio no coincide con la provincia
,AR-G,1626,Colonia Tinco,Santiago del Estero,Rio Hondo,El formato del id de municipio no coincide con la provincia
,AR-X,1391,La Cruz,Cordoba,Calamuchita,El formato del id de municipio no coincide con la provincia
,AR-W,1425,Santo Tome,Corrientes,Santo Tome,El formato del id de municipio no coincide con la provincia
,AR-Q,1560,Junin de los Andes,Neuquen,Huiliches,El formato del id de municipio no coincide con la provincia
,AR-S,1695,Lanteri,Santa Fe,General Obligado,El formato del id de municipio no coincide con la provincia
,AR-G,1639,Villa Ojo de Agua,Santiago del Estero,Ojo de Agua,El formato del id de municipio no coincide con la provincia
,AR-R,1568,Mencue,Rio Negro,El Cuy,El formato del id de municipio no coincide con la provincia
,AR-S,1690,San Justo,Santa Fe,San Justo,El formato del id de municipio no coincide con la provincia
,AR-E,1442,Concordia,Entre Rios,Concordia,El formato del id de municipio no coincide con la provincia
,AR-E,1442,Concordia,Entre Rios,Concordia,El formato del id de municipio no coincide con la provincia
,AR-S,1687,Ricardone,Santa Fe,San Lorenzo,El formato del id de municipio no coincide con la provincia
,AR-Y,1468,Palma Sola,Jujuy,Santa Barbara,El formato del id de municipio no coincide con la provincia
,AR-H,1346,Avia Terai,Chaco,Independencia,El formato del id de municipio no coincide con la provincia
,AR-U,1377,Rio Pico,Chubut,Tehuelches,El formato del id de municipio no coincide con la provincia
,AR-X,1387,Colonia Vignaud,Cordoba,San Justo,El formato del id de municipio no coincide con la provincia
,AR-T,1651,Villa Benjamin Araoz y el Tajamar,Tucuman,Burruyacu,El formato del id de municipio no coincide con la provincia
,AR-W,1415,La Cruz,Corrientes,San Martin,El formato del id de municipio no coincide con la provincia
,AR-S,1683,Miguel Torres,Santa Fe,General Lopez,El formato del id de municipio no coincide con la provincia
,AR-X,1391,San Ignacio,Cordoba,Calamuchita,El formato del id de municipio no coincide con la provincia
,AR-M,1526,Rivadavia,Mendoza,Rivadavia,El formato del id de municipio no coincide con la provincia
,AR-E,1438,Puerto Ibicuy,Entre Rios,Islas del Ibicuy,El formato del id de municipio no coincide con la provincia
,AR-U,1372,El Hoyo,Chubut,Cushamen,El formato del id de municipio no coincide con la provincia
,AR-F,1497,Arauco,La Rioja,Arauco,El formato del id de municipio no coincide con la provincia
,AR-B,1292,Pinamar,Buenos Aires,Pinamar,El formato del id de municipio no coincide con la provincia
,AR-B,1292,Pinamar,Buenos Aires,Pinamar,El formato del id de municipio no coincide con la provincia
,AR-D,1603,Papagayos,San Luis,Chacabuco,El formato del id de municipio no coincide con la provincia
,AR-Q,1554,Barrancas,Neuquen,Pehuenches,El formato del id de municipio no coincide con la provincia
,AR-U,1370,Camarones,Chubut,Florentino Ameghino,El formato del id de municipio no coincide con la provincia
,AR-B,1236,General Alvarado,Buenos Aires,General Alvarado,El formato del id de municipio no coincide con la provincia
,AR-S,1697,Calchaqui,Santa Fe,Vera,El formato del id de municipio no coincide con la provincia
,AR-W,1415,Yapeyu,Corrientes,San Martin,El formato del id de municipio no coincide con la provincia
,AR-M,1525,Mendoza,Mendoza,Capital,El formato del id de municipio no coincide con la provincia
,AR-M,1525,Mendoza,Mendoza,Capital,El formato del id de municipio no coincide con la provincia
,AR-T,1650,Simoca,Tucuman,Simoca,El formato del id de municipio no coincide con la provincia
,AR-H,1357,Coronel Du Graty,Chaco,Mayor Luis Jorge Fontana,El formato del id de municipio no coincide con la provincia
,AR-X,1386,Marcos Juarez,Cordoba,Marcos Juarez,El formato del id de municipio no coincide con la provincia
,AR-Y,1464,Caspala,Jujuy,Valle Grande,El formato del id de municipio no coincide con la provincia
,AR-A,1663,Payogasta,Salta,Cachi,El formato del id de municipio no coincide con la provincia
,AR-N,1541,Caraguatay,Misiones,Montecarlo,El formato del id de municipio no coincide con la provincia
,AR-K,1334,Huillapima,Catamarca,Capayan,El formato del id de municipio no coincide con la provincia
,AR-S,1690,Colonia Esther,Santa Fe,San Justo,El formato del id de municipio no coincide con la provincia
,AR-B,1220,Chascomus,Buenos Aires,Chascomus,El formato del id de municipio no coincide con la provincia
,AR-H,1719,Presidencia Roque Saenz Pena,Chaco,Comandante Fernandez,El formato del id de municipio no coincide con la provincia
,AR-L,1480,Anguil,La Pampa,Capital,El formato del id de municipio no coincide con la provincia
,AR-M,1515,General Alvear,Mendoza,General Alvear,El formato del id de municipio no coincide con la provincia
,AR-S,1689,Sunchales,Santa Fe,Castellanos,El formato del id de municipio no coincide con la provincia
,AR-Q,1550,Aguada San Roque,Neuquen,Anelo,El formato del id de municipio no coincide con la provincia
,AR-A,1667,Chicoana,Salta,Chicoana,El formato del id de municipio no coincide con la provincia
,AR-X,1386,Isla Verde,Cordoba,Marcos Juarez,El formato del id de municipio no coincide con la provincia
,AR-X,1388,Rio Tercero,Cordoba,Tercero Arriba,El formato del id de municipio no coincide con la provincia
,AR-X,1388,Rio Tercero,Cordoba,Tercero Arriba,El formato del id de municipio no coincide con la provincia
,AR-X,1388,Rio Tercero,Cordoba,Tercero Arriba,El formato del id de municipio no coincide con la provincia
,AR-X,1388,Rio Tercero,Cordoba,Tercero Arriba,El formato del id de municipio no coincide con la provincia
,AR-T,1651,Burruyacu,Tucuman,Burruyacu,El formato del id de municipio no coincide con la provincia
,AR-W,1425,Gobernador Agronomo Valentin Virasoro,Corrientes,Santo Tome,El formato del id de municipio no coincide con la provincia
,AR-S,1689,Egusquiza,Santa Fe,Castellanos,El formato del id de municipio no coincide con la provincia
,AR-P,1458,Laguna Yema,Formosa,Bermejo,El formato del id de municipio no coincide con la provincia
,AR-G,1627,San Pedro de Guasayan,Santiago del Estero,Guasayan,El formato del id de municipio no coincide con la provincia
,AR-R,1566,Arroyo los Berros,Rio Negro,Valcheta,El formato del id de municipio no coincide con la provincia
,AR-S,1689,Rafaela,Santa Fe,Castellanos,El formato del id de municipio no coincide con la provincia
,AR-K,1336,Los Varela,Catamarca,Ambato,El formato del id de municipio no coincide con la provincia
,AR-J,1584,Iglesia,San Juan,Iglesia,El formato del id de municipio no coincide con la provincia
,AR-U,1379,Los Altares,Chubut,Paso de Indios,El formato del id de municipio no coincide con la provincia
,AR-U,1373,Comodoro Rivadavia,Chubut,Escalante,El formato del id de municipio no coincide con la provincia
,AR-Q,1552,Manzano Amargo,Neuquen,Minas,El formato del id de municipio no coincide con la provincia
,AR-K,1336,Las Juntas,Catamarca,Ambato,El formato del id de municipio no coincide con la provincia
,AR-R,1572,Rincon Treneta,Rio Negro,Nueve de Julio,El formato del id de municipio no coincide con la provincia
,AR-S,1689,Susana,Santa Fe,Castellanos,El formato del id de municipio no coincide con la provincia
,AR-V,1641,Rio Grande,Tierra del Fuego,Rio Grande,El formato del id de municipio no coincide con la provincia
,AR-D,1601,Carolina,San Luis,Coronel Pringles,El formato del id de municipio no coincide con la provincia
,AR-L,1496,Toay,La Pampa,Toay,El formato del id de municipio no coincide con la provincia
,AR-L,1496,Toay,La Pampa,Toay,El formato del id de municipio no coincide con la provincia
,AR-Y,1470,Rinconada,Jujuy,Rinconada,El formato del id de municipio no coincide con la provincia
,AR-N,1540,Puerto Leoni,Misiones,Libertador General San Martin,El formato del id de municipio no coincide con la provincia
,AR-H,1352,Pampa Almiron,Chaco,Libertador General San Martin,El formato del id de municipio no coincide con la provincia
,AR-X,1384,Justiniano Posse,Cordoba,Union,El formato del id de municipio no coincide con la provincia
,AR-S,1692,Armstrong,Santa Fe,Belgrano,El formato del id de municipio no coincide con la provincia
,AR-B,1310,San Isidro,Buenos Aires,San Isidro,El formato del id de municipio no coincide con la provincia
,AR-B,1310,San Isidro,Buenos Aires,San Isidro,El formato del id de municipio no coincide con la provincia
,AR-X,1400,Villa del Totoral,Cordoba,Totoral,El formato del id de municipio no coincide con la provincia
,AR-E,1441,Ubajay,Entre Rios,Colon,El formato del id de municipio no coincide con la provincia
,AR-N,1539,Guarani,Misiones,Obera,El formato del id de municipio no coincide con la provincia
,AR-F,1505,General Juan Facundo Quiroga,La Rioja,General Juan Facundo Quiroga,El formato del id de municipio no coincide con la provincia
,AR-F,1507,General Ocampo,La Rioja,General Ortiz de Ocampo,El formato del id de municipio no coincide con la provincia
,AR-T,1647,Alto Verde y los Gucheas,Tucuman,Chicligasta,El formato del id de municipio no coincide con la provincia
,AR-A,1670,Rio Piedras,Salta,Metan,El formato del id de municipio no coincide con la provincia
,AR-U,1372,Gualjaina,Chubut,Cushamen,El formato del id de municipio no coincide con la provincia
,AR-B,1243,General las Heras,Buenos Aires,General las Heras,El formato del id de municipio no coincide con la provincia
,AR-B,1243,General las Heras,Buenos Aires,General las Heras,El formato del id de municipio no coincide con la provincia
,AR-B,1243,General las Heras,Buenos Aires,General las Heras,El formato del id de municipio no coincide con la provincia
,AR-X,1398,Pozo del Molle,Cordoba,Rio Segundo,El formato del id de municipio no coincide con la provincia
,AR-S,1691,Chabas,Santa Fe,Caseros,El formato del id de municipio no coincide con la provincia
,AR-B,1319,Tordillo,Buenos Aires,Tordillo,El formato del id de municipio no coincide con la provincia
,AR-X,1402,Las Palmas,Cordoba,Pocho,El formato del id de municipio no coincide con la provincia
,AR-H,1360,General Vedia,Chaco,Bermejo,El formato del id de municipio no coincide con la provincia
,AR-A,1665,Rosario de Lerma,Salta,Rosario de Lerma,El formato del id de municipio no coincide con la provincia
,AR-A,1665,Rosario de Lerma,Salta,Rosario de Lerma,El formato del id de municipio no coincide con la provincia
,AR-N,1542,Nueve de Julio,Misiones,Eldorado,El formato del id de municipio no coincide con la provincia
,AR-P,1450,Buena Vista,Formosa,Pilagas,El formato del id de municipio no coincide con la provincia
,AR-K,1344,Santa Maria,Catamarca,Santa Maria,El formato del id de municipio no coincide con la provincia
,AR-T,1647,Gastona y Belicha,Tucuman,Chicligasta,El formato del id de municipio no coincide con la provincia
,AR-W,1418,Colonia Santa Rosa,Corrientes,Concepcion,El formato del id de municipio no coincide con la provincia
,AR-X,1382,Sampacho,Cordoba,Rio Cuarto,El formato del id de municipio no coincide con la provincia
,AR-S,1689,Josefina,Santa Fe,Castellanos,El formato del id de municipio no coincide con la provincia
,AR-W,1428,San Miguel,Corrientes,San Miguel,El formato del id de municipio no coincide con la provincia
,AR-S,1696,Totoras,Santa Fe,Iriondo,El formato del id de municipio no coincide con la provincia
,AR-X,1387,Colonia las Pichanas,Cordoba,San Justo,El formato del id de municipio no coincide con la provincia
,AR-D,1598,Zanjitas,San Luis,Juan Martin de Pueyrredon,El formato del id de municipio no coincide con la provincia
,AR-S,1689,Angelica,Santa Fe,Castellanos,El formato del id de municipio no coincide con la provincia
,AR-N,1541,Puerto Piray,Misiones,Montecarlo,El formato del id de municipio no coincide con la provincia
,AR-G,1624,Colonia Alpina,Santiago del Estero,Rivadavia,El formato del id de municipio no coincide con la provincia
,AR-A,1674,Isla de Canas,Salta,Iruya,El formato del id de municipio no coincide con la provincia
,AR-G,1624,Selva,Santiago del Estero,Rivadavia,El formato del id de municipio no coincide con la provincia
,AR-W,1421,Perugorria,Corrientes,Curuzu Cuatia,El formato del id de municipio no coincide con la provincia
,AR-Q,1555,El Cholar,Neuquen,Norquin,El formato del id de municipio no coincide con la provincia
,AR-S,1694,Santa Fe,Santa Fe,La Capital,El formato del id de municipio no coincide con la provincia
,AR-S,1694,Santa Fe,Santa Fe,La Capital,El formato del id de municipio no coincide con la provincia
,AR-S,1694,Santa Fe,Santa Fe,La Capital,El formato del id de municipio no coincide con la provincia
,AR-S,1694,Santa Fe,Santa Fe,La Capital,El formato del id de municipio no coincide con la provincia
,AR-S,1694,Santa Fe,Santa Fe,La Capital,El formato del id de municipio no coincide con la provincia
,AR-G,1626,Termas de Rio Hondo,Santiago del Estero,Rio Hondo,El formato del id de municipio no coincide con la provincia
,AR-G,1626,Termas de Rio Hondo,Santiago del Estero,Rio Hondo,El formato del id de municipio no coincide con la provincia
,AR-G,1626,Termas de Rio Hondo,Santiago del Estero,Rio Hondo,El formato del id de municipio no coincide con la provincia
,AR-R,1567,El Cain,Rio Negro,Veinticinco de Mayo,El formato del id de municipio no coincide con la provincia
,AR-S,1688,San Javier,Santa Fe,San Javier,El formato del id de municipio no coincide con la provincia
,AR-K,1335,Tapso,Catamarca,El Alto,El formato del id de municipio no coincide con la provincia
,AR-U,1367,Aldea Apeleg,Chubut,Rio Senguer,El formato del id de municipio no coincide con la provincia
,AR-S,1695,Malabrigo,Santa Fe,General Obligado,El formato del id de municipio no coincide con la provincia
,AR-S,1695,Malabrigo,Santa Fe,General Obligado,El formato del id de municipio no coincide con la provincia
,AR-Q,1559,Picun Leufu,Neuquen,Picun Leufu,El formato del id de municipio no coincide con la provincia
,AR-R,1566,Sierra Paileman,Rio Negro,Valcheta,El formato del id de municipio no coincide con la provincia
,AR-B,1312,San Nicolas de los Arroyos,Buenos Aires,San Nicolas,El formato del id de municipio no coincide con la provincia
,AR-M,1528,San Martin,Mendoza,San Martin,El formato del id de municipio no coincide con la provincia
,AR-X,1383,Saldan,Cordoba,Colon,El formato del id de municipio no coincide con la provincia
,AR-X,1383,Saldan,Cordoba,Colon,El formato del id de municipio no coincide con la provincia
,AR-B,1327,Villa Gesell,Buenos Aires,Villa Gesell,El formato del id de municipio no coincide con la provincia
,AR-B,1327,Villa Gesell,Buenos Aires,Villa Gesell,El formato del id de municipio no coincide con la provincia
,AR-B,1277,Merlo,Buenos Aires,Merlo,El formato del id de municipio no coincide con la provincia
,AR-B,1277,Merlo,Buenos Aires,Merlo,El formato del id de municipio no coincide con la provincia
,AR-B,1277,Merlo,Buenos Aires,Merlo,El formato del id de municipio no coincide con la provincia
,AR-B,1277,Merlo,Buenos Aires,Merlo,El formato del id de municipio no coincide con la provincia
,AR-B,1277,Merlo,Buenos Aires,Merlo,El formato del id de municipio no coincide con la provincia
,AR-Q,1556,Senillosa,Neuquen,Confluencia,El formato del id de municipio no coincide con la provincia
,AR-R,1574,San Carlos de Bariloche,Rio Negro,Bariloche,El formato del id de municipio no coincide con la provincia
,AR-R,1574,San Carlos de Bariloche,Rio Negro,Bariloche,El formato del id de municipio no coincide con la provincia
,AR-R,1574,San Carlos de Bariloche,Rio Negro,Bariloche,El formato del id de municipio no coincide con la provincia
,AR-R,1574,San Carlos de Bariloche,Rio Negro,Bariloche,El formato del id de municipio no coincide con la provincia
,AR-B,1204,Balcarce,Buenos Aires,Balcarce,El formato del id de municipio no coincide con la provincia
,AR-E,1434,Diamante,Entre Rios,Diamante,El formato del id de municipio no coincide con la provincia
,AR-E,1434,Diamante,Entre Rios,Diamante,El formato del id de municipio no coincide con la provincia
,AR-E,1434,Diamante,Entre Rios,Diamante,El formato del id de municipio no coincide con la provincia
,AR-N,1542,Eldorado,Misiones,Eldorado,El formato del id de municipio no coincide con la provincia
,AR-E,1439,Hernandarias,Entre Rios,Parana,El formato del id de municipio no coincide con la provincia
,AR-X,1384,Morrison,Cordoba,Union,El formato del id de municipio no coincide con la provincia
,AR-X,1384,Morrison,Cordoba,Union,El formato del id de municipio no coincide con la provincia
,AR-R,1574,Dina Huapi,Rio Negro,Bariloche,El formato del id de municipio no coincide con la provincia
,AR-P,1451,Clorinda,Formosa,Pilcomayo,El formato del id de municipio no coincide con la provincia
,AR-X,1394,La Posta,Cordoba,Rio Primero,El formato del id de municipio no coincide con la provincia
,AR-X,1383,Unquillo,Cordoba,Colon,El formato del id de municipio no coincide con la provincia
,AR-X,1383,Unquillo,Cordoba,Colon,El formato del id de municipio no coincide con la provincia
,AR-B,1248,General Rodriguez,Buenos Aires,General Rodriguez,El formato del id de municipio no coincide con la provincia
,AR-B,1248,General Rodriguez,Buenos Aires,General Rodriguez,El formato del id de municipio no coincide con la provincia
,AR-B,1248,General Rodriguez,Buenos Aires,General Rodriguez,El formato del id de municipio no coincide con la provincia
,AR-B,1248,General Rodriguez,Buenos Aires,General Rodriguez,El formato del id de municipio no coincide con la provincia
,AR-U,1367,Rio Mayo,Chubut,Rio Senguer,El formato del id de municipio no coincide con la provincia
,AR-B,1280,Moreno,Buenos Aires,Moreno,El formato del id de municipio no coincide con la provincia
,AR-S,1684,Arroyo Seco,Santa Fe,Rosario,El formato del id de municipio no coincide con la provincia
,AR-X,1389,Alta Gracia,Cordoba,Santa Maria,El formato del id de municipio no coincide con la provincia
,AR-X,1389,Alta Gracia,Cordoba,Santa Maria,El formato del id de municipio no coincide con la provincia
,AR-B,1212,Campana,Buenos Aires,Campana,El formato del id de municipio no coincide con la provincia
,AR-X,1394,Monte Cristo,Cordoba,Rio Primero,El formato del id de municipio no coincide con la provincia
,AR-B,1196,Adolfo Gonzales Chaves,Buenos Aires,Adolfo Gonzales Chaves,El formato del id de municipio no coincide con la provincia
,AR-B,1289,Pergamino,Buenos Aires,Pergamino,El formato del id de municipio no coincide con la provincia
,AR-B,1289,Pergamino,Buenos Aires,Pergamino,El formato del id de municipio no coincide con la provincia
,AR-B,1289,Pergamino,Buenos Aires,Pergamino,El formato del id de municipio no coincide con la provincia
,AR-B,1289,Pergamino,Buenos Aires,Pergamino,El formato del id de municipio no coincide con la provincia
,AR-B,1247,General Pueyrredon,Buenos Aires,General Pueyrredon,El formato del id de municipio no coincide con la provincia
,AR-B,1247,General Pueyrredon,Buenos Aires,General Pueyrredon,El formato del id de municipio no coincide con la provincia
,AR-X,1391,Los Condores,Cordoba,Calamuchita,El formato del id de municipio no coincide con la provincia
,AR-B,1209,Bolivar,Buenos Aires,Bolivar,El formato del id de municipio no coincide con la provincia
,AR-B,1293,Presidente Peron,Buenos Aires,Presidente Peron,El formato del id de municipio no coincide con la provincia
,AR-B,1229,Ensenada,Buenos Aires,Ensenada,El formato del id de municipio no coincide con la provincia
,AR-X,1393,Villa Maria,Cordoba,General San Martin,El formato del id de municipio no coincide con la provincia
,AR-B,1244,General Lavalle,Buenos Aires,General Lavalle,El formato del id de municipio no coincide con la provincia
,AR-Y,1471,Palpala,Jujuy,Palpala,El formato del id de municipio no coincide con la provincia
,AR-E,1437,Piedras Blancas,Entre Rios,La Paz,El formato del id de municipio no coincide con la provincia
,AR-S,1698,El Trebol,Santa Fe,San Martin,El formato del id de municipio no coincide con la provincia
,AR-B,1219,Chacabuco,Buenos Aires,Chacabuco,El formato del id de municipio no coincide con la provincia
,AR-E,1433,Gualeguaychu,Entre Rios,Gualeguaychu,El formato del id de municipio no coincide con la provincia
,AR-E,1444,San Salvador,Entre Rios,San Salvador,El formato del id de municipio no coincide con la provincia
,AR-B,1300,Rojas,Buenos Aires,Rojas,El formato del id de municipio no coincide con la provincia
,AR-B,1300,Rojas,Buenos Aires,Rojas,El formato del id de municipio no coincide con la provincia
,AR-B,1300,Rojas,Buenos Aires,Rojas,El formato del id de municipio no coincide con la provincia
,AR-A,1676,San Jose de los Cerrillos,Salta,Cerrillos,El formato del id de municipio no coincide con la provincia
,AR-L,1481,Trenel,La Pampa,Trenel,El formato del id de municipio no coincide con la provincia
,AR-B,1198,Almirante Brown,Buenos Aires,Almirante Brown,El formato del id de municipio no coincide con la provincia
,AR-B,1198,Almirante Brown,Buenos Aires,Almirante Brown,El formato del id de municipio no coincide con la provincia
,AR-X,1383,Colonia Caroya,Cordoba,Colon,El formato del id de municipio no coincide con la provincia
,AR-X,1400,Sinsacate,Cordoba,Totoral,El formato del id de municipio no coincide con la provincia
,AR-Q,1565,Villa la Angostura,Neuquen,Los Lagos,El formato del id de municipio no coincide con la provincia
,AR-P,1452,Formosa,Formosa,Formosa,El formato del id de municipio no coincide con la provincia
,AR-B,1316,Tandil,Buenos Aires,Tandil,El formato del id de municipio no coincide con la provincia
,AR-G,1632,Villa Atamisqui,Santiago del Estero,Atamisqui,El formato del id de municipio no coincide con la provincia
,AR-G,1622,Los Telares,Santiago del Estero,Salavina,El formato del id de municipio no coincide con la provincia
,AR-W,1430,Santa Ana,Corrientes,San Cosme,El formato del id de municipio no coincide con la provincia
,AR-X,1398,Calchin,Cordoba,Rio Segundo,El formato del id de municipio no coincide con la provincia
,AR-X,1398,Calchin,Cordoba,Rio Segundo,El formato del id de municipio no coincide con la provincia
,AR-B,1281,Moron,Buenos Aires,Moron,El formato del id de municipio no coincide con la provincia
,AR-B,1281,Moron,Buenos Aires,Moron,El formato del id de municipio no coincide con la provincia
,AR-X,1388,Hernando,Cordoba,Tercero Arriba,El formato del id de municipio no coincide con la provincia
,AR-X,1388,Hernando,Cordoba,Tercero Arriba,El formato del id de municipio no coincide con la provincia
,AR-X,1387,Brinkmann,Cordoba,San Justo,El formato del id de municipio no coincide con la provincia
,AR-E,1439,Crespo,Entre Rios,Parana,El formato del id de municipio no coincide con la provincia
,AR-E,1439,San Benito,Entre Rios,Parana,El formato del id de municipio no coincide con la provincia
,AR-M,1520,Las Heras,Mendoza,Las Heras,El formato del id de municipio no coincide con la provincia
,AR-X,1387,Sacanta,Cordoba,San Justo,El formato del id de municipio no coincide con la provincia
,AR-X,1387,Sacanta,Cordoba,San Justo,El formato del id de municipio no coincide con la provincia
,AR-M,1518,Junin,Mendoza,Junin,El formato del id de municipio no coincide con la provincia
,AR-A,1666,El Bordo,Salta,General Guemes,El formato del id de municipio no coincide con la provincia
,AR-A,1681,Salta,Salta,Capital,El formato del id de municipio no coincide con la provincia
,AR-B,1315,Suipacha,Buenos Aires,Suipacha,El formato del id de municipio no coincide con la provincia
,AR-B,1286,Patagones,Buenos Aires,Patagones,El formato del id de municipio no coincide con la provincia
,AR-X,1384,Alto Alegre,Cordoba,Union,El formato del id de municipio no coincide con la provincia
,AR-B,1270,Lujan,Buenos Aires,Lujan,El formato del id de municipio no coincide con la provincia
